,Player_Id,Player_Name,No_of_Matches,Bat,Bowl,is_bowler,T_Score,T_Score1,Bat1,T_Score2,Bat2,2008,2009,2010,2011,2012,2013,2014,2015,2016,2017
0,1.0,SC Ganguly,57.0,1326.0,280.0,0.0,1349.0,721.0,714.0,628.0,612.0,1.0,1.0,1.0,10.0,10.0,0.0,0.0,0.0,0.0,0.0
1,2.0,BB McCullum,104.0,2181.0,0.0,0.0,2755.0,1558.0,1242.0,1195.0,934.0,1.0,7.0,1.0,9.0,1.0,1.0,3.0,3.0,13.0,13.0
2,3.0,RT Ponting,9.0,129.0,0.0,0.0,91.0,59.0,85.0,32.0,44.0,1.0,0.0,0.0,0.0,0.0,7.0,0.0,0.0,0.0,0.0
3,4.0,DJ Hussey,63.0,1101.0,323.0,0.0,1322.0,739.0,635.0,583.0,466.0,1.0,1.0,1.0,4.0,4.0,4.0,3.0,0.0,0.0,0.0
4,5.0,Mohammad Hafeez,8.0,84.0,63.0,1.0,64.0,38.0,59.0,26.0,25.0,1.0,0.0,0.0,0.0,0.0,0.0,0.0,0.0,0.0,0.0
5,6.0,R Dravid,88.0,1918.0,0.0,0.0,2170.0,1001.0,906.0,1169.0,1012.0,2.0,2.0,2.0,5.0,5.0,5.0,0.0,0.0,0.0,0.0
6,7.0,W Jaffer,8.0,129.0,0.0,0.0,130.0,52.0,51.0,78.0,78.0,2.0,2.0,0.0,0.0,0.0,0.0,0.0,0.0,0.0,0.0
7,8.0,V Kohli,144.0,3494.0,264.0,0.0,4413.0,2387.0,1880.0,2021.0,1612.0,2.0,2.0,2.0,2.0,2.0,2.0,2.0,2.0,2.0,2.0
8,9.0,JH Kallis,98.0,2291.0,1799.0,1.0,2427.0,934.0,853.0,1493.0,1438.0,2.0,2.0,2.0,1.0,1.0,1.0,1.0,0.0,0.0,0.0
9,10.0,CL White,47.0,774.0,46.0,0.0,971.0,666.0,481.0,288.0,288.0,2.0,0.0,2.0,8.0,8.0,11.0,0.0,0.0,0.0,0.0
10,11.0,MV Boucher,29.0,318.0,0.0,0.0,394.0,150.0,137.0,244.0,181.0,2.0,2.0,2.0,1.0,0.0,0.0,0.0,0.0,0.0,0.0
11,12.0,B Akhil,15.0,57.0,193.0,1.0,76.0,31.0,28.0,45.0,29.0,2.0,2.0,2.0,9.0,0.0,0.0,0.0,0.0,0.0,0.0
12,13.0,AA Noffke,1.0,12.0,25.0,1.0,9.0,0.0,0.0,9.0,12.0,2.0,0.0,0.0,0.0,0.0,0.0,0.0,0.0,0.0,0.0
13,14.0,P Kumar,119.0,323.0,2636.0,1.0,340.0,188.0,180.0,152.0,143.0,2.0,2.0,2.0,4.0,4.0,4.0,7.0,11.0,13.0,13.0
14,15.0,Z Khan,99.0,141.0,2276.0,1.0,117.0,61.0,56.0,56.0,85.0,2.0,1.0,7.0,2.0,2.0,2.0,7.0,6.0,6.0,6.0
15,16.0,SB Joshi,4.0,16.0,55.0,1.0,6.0,3.0,8.0,3.0,8.0,2.0,0.0,0.0,0.0,0.0,0.0,0.0,0.0,0.0,0.0
16,17.0,PA Patel,117.0,2060.0,0.0,0.0,2322.0,1062.0,931.0,1260.0,1129.0,3.0,3.0,3.0,9.0,8.0,11.0,2.0,7.0,7.0,7.0
17,18.0,ML Hayden,32.0,839.0,0.0,0.0,1107.0,617.0,466.0,490.0,372.0,3.0,3.0,3.0,0.0,0.0,0.0,0.0,0.0,0.0,0.0
18,19.0,MEK Hussey,58.0,1648.0,0.0,0.0,1977.0,1313.0,1056.0,664.0,592.0,3.0,0.0,3.0,3.0,3.0,3.0,7.0,3.0,0.0,0.0
19,20.0,MS Dhoni,151.0,2680.0,0.0,0.0,3560.0,2232.0,1646.0,1328.0,1034.0,3.0,3.0,3.0,3.0,3.0,3.0,3.0,3.0,12.0,12.0
20,21.0,SK Raina,158.0,3369.0,924.0,0.0,4548.0,2647.0,1993.0,1893.0,1373.0,3.0,3.0,3.0,3.0,3.0,3.0,3.0,3.0,13.0,13.0
21,22.0,JDP Oram,15.0,110.0,244.0,1.0,106.0,97.0,102.0,9.0,8.0,3.0,3.0,0.0,5.0,0.0,7.0,0.0,0.0,0.0,0.0
22,23.0,S Badrinath,73.0,1245.0,0.0,0.0,1441.0,908.0,784.0,533.0,461.0,3.0,3.0,3.0,3.0,3.0,3.0,0.0,0.0,0.0,0.0
23,24.0,K Goel,20.0,239.0,67.0,0.0,218.0,121.0,117.0,97.0,122.0,4.0,4.0,4.0,0.0,0.0,0.0,0.0,0.0,0.0,0.0
24,25.0,JR Hopes,20.0,314.0,369.0,1.0,417.0,154.0,125.0,263.0,189.0,4.0,0.0,0.0,6.0,0.0,0.0,0.0,0.0,0.0,0.0
25,26.0,KC Sangakkara,68.0,1424.0,0.0,0.0,1687.0,1088.0,902.0,599.0,522.0,4.0,4.0,4.0,8.0,8.0,11.0,0.0,0.0,0.0,0.0
26,27.0,Yuvraj Singh,118.0,2050.0,869.0,1.0,2591.0,1413.0,1040.0,1174.0,1008.0,4.0,4.0,4.0,10.0,0.0,10.0,2.0,6.0,11.0,11.0
27,28.0,SM Katich,11.0,191.0,0.0,0.0,237.0,11.0,13.0,226.0,178.0,4.0,4.0,0.0,0.0,0.0,0.0,0.0,0.0,0.0,0.0
28,29.0,IK Pathan,102.0,985.0,2113.0,1.0,1150.0,562.0,502.0,577.0,479.0,4.0,4.0,4.0,6.0,6.0,6.0,11.0,0.0,12.0,13.0
29,30.0,T Kohli,8.0,20.0,0.0,0.0,11.0,11.0,20.0,0.0,0.0,5.0,4.0,0.0,0.0,0.0,0.0,0.0,0.0,0.0,0.0
30,31.0,YK Pathan,142.0,2076.0,1166.0,1.0,2922.0,1172.0,883.0,1732.0,1189.0,5.0,5.0,5.0,1.0,1.0,1.0,1.0,1.0,1.0,1.0
31,32.0,SR Watson,102.0,1949.0,1960.0,1.0,2624.0,1255.0,962.0,1363.0,983.0,5.0,0.0,5.0,5.0,5.0,5.0,5.0,5.0,2.0,2.0
32,33.0,M Kaif,27.0,258.0,0.0,0.0,259.0,87.0,96.0,172.0,162.0,5.0,0.0,4.0,2.0,2.0,0.0,0.0,0.0,0.0,0.0
33,34.0,DS Lehmann,2.0,19.0,0.0,0.0,18.0,1.0,2.0,17.0,17.0,5.0,0.0,0.0,0.0,0.0,0.0,0.0,0.0,0.0,0.0
34,35.0,RA Jadeja,135.0,1457.0,1962.0,1.0,1732.0,942.0,781.0,790.0,676.0,5.0,5.0,0.0,9.0,3.0,3.0,3.0,3.0,13.0,13.0
35,36.0,M Rawat,15.0,70.0,0.0,0.0,55.0,6.0,14.0,49.0,56.0,5.0,5.0,0.0,0.0,0.0,10.0,0.0,0.0,0.0,0.0
36,37.0,D Salunkhe,5.0,24.0,51.0,1.0,33.0,26.0,20.0,7.0,4.0,5.0,0.0,0.0,0.0,0.0,0.0,0.0,0.0,0.0,0.0
37,38.0,SK Warne,55.0,219.0,1223.0,1.0,198.0,83.0,105.0,115.0,114.0,5.0,5.0,5.0,5.0,0.0,0.0,0.0,0.0,0.0,0.0
38,39.0,SK Trivedi,76.0,61.0,1557.0,1.0,42.0,21.0,30.0,21.0,31.0,5.0,5.0,5.0,5.0,5.0,5.0,0.0,0.0,0.0,0.0
39,40.0,G Gambhir,147.0,3433.0,0.0,0.0,4132.0,1699.0,1356.0,2433.0,2077.0,6.0,6.0,6.0,1.0,1.0,1.0,1.0,1.0,1.0,1.0
40,41.0,V Sehwag,104.0,1833.0,138.0,0.0,2728.0,1301.0,927.0,1427.0,906.0,6.0,6.0,6.0,6.0,6.0,6.0,4.0,4.0,0.0,0.0
41,42.0,S Dhawan,127.0,3005.0,49.0,0.0,3561.0,2262.0,1857.0,1299.0,1148.0,6.0,7.0,7.0,8.0,8.0,11.0,11.0,11.0,11.0,11.0
42,43.0,L Ronchi,5.0,37.0,0.0,0.0,34.0,21.0,24.0,13.0,13.0,7.0,7.0,0.0,0.0,0.0,0.0,0.0,0.0,0.0,0.0
43,44.0,ST Jayasuriya,30.0,573.0,301.0,1.0,768.0,449.0,348.0,319.0,225.0,7.0,7.0,6.0,0.0,0.0,0.0,0.0,0.0,0.0,0.0
44,45.0,DJ Thornely,5.0,54.0,44.0,1.0,39.0,38.0,48.0,1.0,6.0,7.0,0.0,0.0,0.0,0.0,0.0,0.0,0.0,0.0,0.0
45,46.0,RV Uthappa,146.0,2960.0,0.0,0.0,3778.0,1516.0,1263.0,2262.0,1697.0,7.0,2.0,2.0,10.0,10.0,10.0,1.0,1.0,1.0,1.0
46,47.0,PR Shah,14.0,96.0,0.0,0.0,92.0,57.0,71.0,35.0,25.0,7.0,7.0,0.0,5.0,0.0,0.0,0.0,0.0,0.0,0.0
47,48.0,AM Nayar,51.0,588.0,239.0,0.0,672.0,357.0,308.0,315.0,280.0,7.0,1.0,7.0,4.0,4.0,10.0,5.0,0.0,0.0,0.0
48,49.0,SM Pollock,13.0,116.0,280.0,1.0,147.0,108.0,76.0,39.0,40.0,7.0,0.0,0.0,0.0,0.0,0.0,0.0,0.0,0.0,0.0
49,50.0,Harbhajan Singh,136.0,591.0,2989.0,1.0,799.0,447.0,313.0,352.0,278.0,7.0,1.0,7.0,7.0,7.0,7.0,7.0,7.0,7.0,7.0
50,51.0,S Chanderpaul,3.0,33.0,0.0,0.0,25.0,2.0,9.0,23.0,24.0,2.0,0.0,0.0,0.0,0.0,0.0,0.0,0.0,0.0,0.0
51,52.0,LRPL Taylor,55.0,847.0,13.0,0.0,1017.0,308.0,293.0,709.0,554.0,2.0,2.0,2.0,5.0,6.0,10.0,6.0,0.0,0.0,0.0
52,53.0,AC Gilchrist,80.0,1554.0,1.0,0.0,2069.0,943.0,763.0,1126.0,791.0,8.0,8.0,8.0,4.0,4.0,4.0,0.0,0.0,0.0,0.0
53,54.0,Y Venugopal Rao,58.0,865.0,222.0,0.0,985.0,521.0,476.0,464.0,389.0,8.0,8.0,8.0,6.0,6.0,0.0,11.0,0.0,0.0,0.0
54,55.0,VVS Laxman,20.0,271.0,0.0,0.0,282.0,147.0,146.0,135.0,125.0,8.0,8.0,8.0,9.0,0.0,0.0,0.0,0.0,0.0,0.0
55,56.0,A Symonds,36.0,781.0,540.0,1.0,974.0,622.0,472.0,352.0,309.0,8.0,8.0,8.0,7.0,0.0,0.0,0.0,0.0,0.0,0.0
56,57.0,RG Sharma,156.0,3274.0,342.0,0.0,4207.0,2344.0,1726.0,1863.0,1548.0,8.0,8.0,8.0,7.0,7.0,7.0,7.0,7.0,7.0,7.0
57,58.0,SB Styris,12.0,134.0,222.0,1.0,131.0,59.0,50.0,72.0,84.0,8.0,8.0,0.0,3.0,0.0,0.0,0.0,0.0,0.0,0.0
58,59.0,SB Bangar,11.0,58.0,153.0,1.0,49.0,28.0,38.0,21.0,20.0,8.0,1.0,0.0,0.0,0.0,0.0,0.0,0.0,0.0,0.0
59,60.0,WPUJC Vaas,13.0,73.0,288.0,1.0,81.0,62.0,58.0,19.0,15.0,8.0,8.0,8.0,0.0,0.0,0.0,0.0,0.0,0.0,0.0
60,61.0,RP Singh,82.0,78.0,1874.0,1.0,52.0,29.0,36.0,23.0,42.0,8.0,8.0,8.0,9.0,7.0,2.0,0.0,0.0,12.0,0.0
61,62.0,WP Saha,92.0,1219.0,0.0,0.0,1557.0,1026.0,797.0,531.0,422.0,1.0,1.0,1.0,3.0,3.0,3.0,4.0,4.0,4.0,4.0
62,63.0,LR Shukla,46.0,358.0,326.0,1.0,399.0,262.0,209.0,137.0,149.0,1.0,1.0,1.0,1.0,1.0,1.0,6.0,0.0,0.0,0.0
63,64.0,DPMD Jayawardene,80.0,1522.0,0.0,0.0,1808.0,760.0,660.0,1042.0,860.0,4.0,4.0,4.0,9.0,6.0,6.0,0.0,0.0,0.0,0.0
64,65.0,S Sohal,20.0,311.0,0.0,0.0,368.0,184.0,162.0,184.0,149.0,4.0,4.0,0.0,8.0,0.0,0.0,0.0,0.0,0.0,0.0
65,66.0,B Lee,38.0,102.0,916.0,1.0,124.0,64.0,53.0,60.0,49.0,4.0,4.0,4.0,1.0,1.0,1.0,0.0,0.0,0.0,0.0
66,67.0,PP Chawla,129.0,467.0,2594.0,1.0,515.0,280.0,266.0,235.0,201.0,4.0,4.0,4.0,4.0,4.0,4.0,1.0,1.0,1.0,1.0
67,68.0,WA Mota,11.0,76.0,75.0,1.0,56.0,48.0,62.0,8.0,14.0,4.0,4.0,0.0,0.0,0.0,0.0,0.0,0.0,0.0,0.0
68,69.0,Kamran Akmal,6.0,78.0,0.0,0.0,128.0,53.0,28.0,75.0,50.0,5.0,0.0,0.0,0.0,0.0,0.0,0.0,0.0,0.0,0.0
69,70.0,Shahid Afridi,10.0,46.0,185.0,1.0,81.0,27.0,23.0,54.0,23.0,8.0,0.0,0.0,0.0,0.0,0.0,0.0,0.0,0.0,0.0
70,71.0,DJ Bravo,105.0,1032.0,2110.0,1.0,1262.0,729.0,562.0,533.0,470.0,7.0,1.0,7.0,3.0,3.0,3.0,3.0,3.0,13.0,0.0
71,72.0,MA Khote,3.0,22.0,30.0,1.0,24.0,7.0,10.0,17.0,12.0,7.0,0.0,0.0,0.0,0.0,0.0,0.0,0.0,0.0,0.0
72,73.0,A Nehra,88.0,63.0,1974.0,1.0,41.0,6.0,19.0,35.0,44.0,7.0,6.0,6.0,0.0,10.0,6.0,3.0,3.0,11.0,11.0
73,74.0,GC Smith,29.0,690.0,0.0,0.0,739.0,369.0,292.0,370.0,398.0,5.0,5.0,5.0,10.0,0.0,0.0,0.0,0.0,0.0,0.0
74,75.0,Pankaj Singh,17.0,12.0,311.0,1.0,7.0,1.0,2.0,6.0,10.0,5.0,2.0,2.0,5.0,5.0,0.0,0.0,0.0,0.0,0.0
75,76.0,RR Sarwan,4.0,78.0,0.0,0.0,73.0,7.0,9.0,66.0,69.0,4.0,0.0,0.0,0.0,0.0,0.0,0.0,0.0,0.0,0.0
76,77.0,S Sreesanth,44.0,57.0,947.0,1.0,34.0,18.0,39.0,16.0,18.0,4.0,4.0,4.0,9.0,0.0,5.0,0.0,0.0,0.0,0.0
77,78.0,VRV Singh,18.0,3.0,371.0,1.0,4.0,4.0,2.0,0.0,1.0,4.0,4.0,4.0,0.0,0.0,0.0,0.0,0.0,0.0,0.0
78,79.0,SS Tiwary,68.0,1110.0,0.0,0.0,1270.0,740.0,593.0,530.0,517.0,7.0,7.0,7.0,2.0,2.0,2.0,0.0,6.0,12.0,7.0
79,80.0,DS Kulkarni,72.0,101.0,1484.0,1.0,90.0,16.0,14.0,74.0,87.0,7.0,7.0,7.0,7.0,7.0,7.0,5.0,5.0,13.0,13.0
80,81.0,R Vinay Kumar,103.0,285.0,2161.0,1.0,304.0,152.0,126.0,152.0,159.0,2.0,2.0,2.0,9.0,2.0,2.0,1.0,7.0,7.0,7.0
81,82.0,AB Agarkar,42.0,160.0,820.0,1.0,179.0,117.0,98.0,62.0,62.0,1.0,1.0,1.0,6.0,6.0,6.0,0.0,0.0,0.0,0.0
82,83.0,M Kartik,56.0,109.0,1182.0,1.0,113.0,78.0,73.0,35.0,36.0,1.0,1.0,1.0,10.0,10.0,2.0,4.0,0.0,0.0,0.0
83,84.0,I Sharma,76.0,59.0,1713.0,1.0,45.0,21.0,26.0,24.0,33.0,1.0,1.0,1.0,8.0,0.0,11.0,11.0,11.0,12.0,4.0
84,85.0,AM Rahane,108.0,2602.0,6.0,0.0,3057.0,1623.0,1339.0,1434.0,1263.0,7.0,7.0,0.0,5.0,5.0,5.0,5.0,5.0,12.0,12.0
85,86.0,Shoaib Malik,7.0,49.0,58.0,1.0,52.0,28.0,27.0,24.0,22.0,6.0,0.0,0.0,0.0,0.0,0.0,0.0,0.0,0.0,0.0
86,87.0,MK Tiwary,88.0,1444.0,38.0,0.0,1648.0,855.0,727.0,793.0,717.0,6.0,6.0,1.0,1.0,1.0,1.0,6.0,6.0,0.0,12.0
87,88.0,KD Karthik,146.0,2360.0,0.0,0.0,2903.0,1611.0,1291.0,1292.0,1069.0,6.0,6.0,7.0,4.0,7.0,7.0,6.0,2.0,13.0,13.0
88,89.0,R Bhatia,95.0,290.0,1661.0,1.0,342.0,168.0,131.0,174.0,159.0,6.0,6.0,6.0,1.0,1.0,1.0,5.0,5.0,12.0,12.0
89,90.0,MF Maharoof,20.0,124.0,441.0,1.0,177.0,97.0,63.0,80.0,61.0,6.0,6.0,6.0,0.0,0.0,0.0,0.0,0.0,0.0,0.0
90,91.0,VY Mahesh,17.0,28.0,359.0,1.0,15.0,6.0,6.0,9.0,22.0,6.0,6.0,6.0,0.0,3.0,0.0,0.0,0.0,0.0,0.0
91,92.0,TM Srivastava,4.0,11.0,0.0,0.0,8.0,1.0,1.0,7.0,10.0,4.0,4.0,0.0,0.0,0.0,0.0,0.0,0.0,0.0,0.0
92,93.0,B Chipli,22.0,256.0,6.0,0.0,280.0,158.0,140.0,122.0,116.0,2.0,0.0,0.0,8.0,8.0,6.0,0.0,0.0,0.0,0.0
93,94.0,DW Steyn,90.0,161.0,2159.0,1.0,166.0,91.0,69.0,75.0,92.0,2.0,2.0,2.0,8.0,8.0,11.0,11.0,11.0,13.0,0.0
94,95.0,DB Das,24.0,267.0,0.0,0.0,304.0,184.0,166.0,120.0,101.0,1.0,0.0,0.0,0.0,1.0,1.0,0.0,0.0,0.0,0.0
95,96.0,MK Pandey,96.0,1901.0,0.0,0.0,2223.0,1011.0,838.0,1204.0,1060.0,7.0,2.0,2.0,10.0,10.0,10.0,1.0,1.0,1.0,1.0
96,97.0,HH Gibbs,36.0,837.0,0.0,0.0,886.0,472.0,421.0,414.0,416.0,8.0,8.0,8.0,0.0,7.0,0.0,0.0,0.0,0.0,0.0
97,98.0,DNT Zoysa,3.0,9.0,69.0,1.0,11.0,1.0,2.0,10.0,7.0,8.0,0.0,0.0,0.0,0.0,0.0,0.0,0.0,0.0,0.0
98,99.0,D Kalyankrishna,3.0,8.0,50.0,1.0,3.0,3.0,8.0,0.0,0.0,8.0,0.0,0.0,0.0,0.0,0.0,0.0,0.0,0.0,0.0
99,100.0,SE Marsh,71.0,1913.0,0.0,0.0,2489.0,1417.0,1120.0,1060.0,788.0,4.0,0.0,4.0,4.0,4.0,4.0,4.0,4.0,4.0,4.0
100,101.0,SA Asnodkar,20.0,352.0,0.0,0.0,423.0,264.0,203.0,159.0,149.0,5.0,5.0,5.0,5.0,0.0,0.0,0.0,0.0,0.0,0.0
101,102.0,Sohail Tanvir,11.0,31.0,265.0,1.0,36.0,14.0,14.0,22.0,17.0,5.0,0.0,0.0,0.0,0.0,0.0,0.0,0.0,0.0,0.0
102,103.0,Salman Butt,7.0,172.0,0.0,0.0,193.0,162.0,144.0,31.0,28.0,1.0,0.0,0.0,0.0,0.0,0.0,0.0,0.0,0.0,0.0
103,104.0,BJ Hodge,64.0,1153.0,238.0,0.0,1400.0,654.0,568.0,746.0,585.0,1.0,1.0,1.0,9.0,5.0,5.0,5.0,0.0,0.0,0.0
104,105.0,Umar Gul,6.0,19.0,153.0,1.0,39.0,13.0,6.0,26.0,13.0,1.0,0.0,0.0,0.0,0.0,0.0,0.0,0.0,0.0,0.0
105,106.0,AB Dinda,76.0,50.0,1589.0,1.0,26.0,7.0,22.0,19.0,28.0,1.0,1.0,1.0,6.0,10.0,10.0,2.0,2.0,12.0,12.0
106,107.0,SP Fleming,10.0,171.0,0.0,0.0,196.0,54.0,66.0,142.0,105.0,3.0,0.0,0.0,0.0,0.0,0.0,0.0,0.0,0.0,0.0
107,108.0,S Vidyut,8.0,115.0,13.0,0.0,145.0,99.0,80.0,46.0,35.0,3.0,0.0,0.0,0.0,0.0,0.0,0.0,0.0,0.0,0.0
108,109.0,JA Morkel,90.0,712.0,1806.0,1.0,975.0,515.0,397.0,459.0,314.0,3.0,3.0,3.0,3.0,3.0,3.0,2.0,6.0,12.0,0.0
109,110.0,AB de Villiers,125.0,2402.0,0.0,0.0,3486.0,2128.0,1344.0,1345.0,1054.0,6.0,6.0,7.0,2.0,2.0,2.0,2.0,2.0,2.0,2.0
110,111.0,LPC Silva,3.0,27.0,6.0,0.0,40.0,23.0,12.0,17.0,15.0,8.0,0.0,0.0,0.0,0.0,0.0,0.0,0.0,0.0,0.0
111,112.0,DB Ravi Teja,28.0,325.0,18.0,0.0,375.0,227.0,184.0,148.0,141.0,8.0,8.0,0.0,8.0,8.0,11.0,0.0,0.0,0.0,0.0
112,113.0,Misbah-ul-Haq,8.0,82.0,0.0,0.0,117.0,83.0,53.0,34.0,29.0,2.0,0.0,0.0,0.0,0.0,0.0,0.0,0.0,0.0,0.0
113,114.0,YV Takawale,16.0,183.0,0.0,0.0,192.0,62.0,61.0,130.0,122.0,7.0,7.0,0.0,0.0,0.0,0.0,2.0,0.0,0.0,0.0
114,115.0,RR Raje,10.0,18.0,144.0,1.0,20.0,9.0,11.0,11.0,7.0,7.0,7.0,0.0,0.0,0.0,0.0,0.0,0.0,0.0,0.0
115,116.0,PJ Sangwan,39.0,36.0,836.0,1.0,24.0,12.0,13.0,12.0,23.0,6.0,6.0,6.0,0.0,1.0,1.0,0.0,0.0,13.0,13.0
116,117.0,Mohammad Asif,8.0,6.0,199.0,1.0,3.0,0.0,0.0,3.0,6.0,6.0,0.0,0.0,0.0,0.0,0.0,0.0,0.0,0.0,0.0
117,118.0,GD McGrath,14.0,5.0,329.0,1.0,4.0,0.0,0.0,4.0,5.0,6.0,0.0,0.0,0.0,0.0,0.0,0.0,0.0,0.0,0.0
118,119.0,Joginder Sharma,16.0,30.0,272.0,1.0,36.0,16.0,11.0,20.0,19.0,3.0,3.0,3.0,3.0,0.0,0.0,0.0,0.0,0.0,0.0
119,120.0,MS Gony,44.0,76.0,925.0,1.0,99.0,68.0,40.0,31.0,36.0,3.0,3.0,3.0,8.0,8.0,4.0,0.0,0.0,0.0,13.0
120,121.0,M Muralitharan,66.0,30.0,1581.0,1.0,20.0,13.0,18.0,7.0,12.0,3.0,3.0,3.0,9.0,2.0,2.0,2.0,0.0,0.0,0.0
121,122.0,M Ntini,9.0,19.0,213.0,1.0,11.0,11.0,13.0,0.0,6.0,3.0,0.0,0.0,0.0,0.0,0.0,0.0,0.0,0.0,0.0
122,123.0,DT Patil,2.0,13.0,0.0,0.0,13.0,4.0,1.0,9.0,12.0,2.0,0.0,0.0,0.0,0.0,0.0,0.0,0.0,0.0,0.0
123,124.0,A Kumble,42.0,49.0,983.0,1.0,35.0,11.0,16.0,24.0,33.0,2.0,2.0,2.0,0.0,0.0,0.0,0.0,0.0,0.0,0.0
124,125.0,S Anirudha,17.0,121.0,0.0,0.0,136.0,109.0,99.0,27.0,22.0,3.0,0.0,3.0,3.0,3.0,3.0,11.0,0.0,0.0,0.0
125,126.0,MM Patel,63.0,41.0,1381.0,1.0,39.0,10.0,18.0,29.0,23.0,5.0,5.0,5.0,7.0,7.0,7.0,0.0,0.0,0.0,13.0
126,127.0,CK Kapugedera,4.0,24.0,17.0,0.0,16.0,8.0,15.0,8.0,9.0,3.0,0.0,0.0,0.0,0.0,0.0,0.0,0.0,0.0,0.0
127,128.0,A Chopra,7.0,75.0,0.0,0.0,53.0,51.0,72.0,2.0,3.0,1.0,1.0,0.0,0.0,0.0,0.0,0.0,0.0,0.0,0.0
128,129.0,T Taibu,3.0,26.0,0.0,0.0,31.0,31.0,26.0,0.0,0.0,1.0,0.0,0.0,0.0,0.0,0.0,0.0,0.0,0.0,0.0
129,130.0,J Arunkumar,3.0,24.0,0.0,0.0,23.0,1.0,3.0,22.0,21.0,2.0,0.0,0.0,0.0,0.0,0.0,0.0,0.0,0.0,0.0
130,131.0,PP Ojha,90.0,45.0,1945.0,1.0,16.0,12.0,30.0,4.0,15.0,8.0,8.0,8.0,8.0,7.0,7.0,7.0,7.0,0.0,0.0
131,132.0,SP Goswami,21.0,260.0,0.0,0.0,241.0,191.0,205.0,50.0,55.0,2.0,2.0,2.0,1.0,5.0,0.0,0.0,0.0,0.0,0.0
132,133.0,SR Tendulkar,78.0,2043.0,37.0,0.0,2329.0,1232.0,1061.0,1097.0,982.0,7.0,1.0,7.0,7.0,7.0,7.0,0.0,0.0,0.0,0.0
133,134.0,U Kaul,2.0,1.0,0.0,0.0,0.0,0.0,0.0,0.0,1.0,4.0,0.0,0.0,0.0,0.0,0.0,0.0,0.0,0.0,0.0
134,135.0,TM Dilshan,52.0,1047.0,275.0,0.0,1159.0,579.0,530.0,580.0,517.0,6.0,6.0,6.0,2.0,2.0,2.0,0.0,0.0,0.0,0.0
135,136.0,A Mishra,126.0,382.0,2703.0,1.0,340.0,139.0,173.0,201.0,209.0,6.0,6.0,6.0,8.0,8.0,11.0,11.0,6.0,6.0,6.0
136,137.0,AD Mascarenhas,13.0,79.0,310.0,1.0,79.0,44.0,47.0,35.0,32.0,5.0,5.0,5.0,0.0,4.0,4.0,0.0,0.0,0.0,0.0
137,138.0,NK Patel,7.0,124.0,0.0,0.0,121.0,14.0,22.0,107.0,102.0,5.0,5.0,0.0,0.0,0.0,0.0,0.0,0.0,0.0,0.0
138,139.0,LA Pomersbach,18.0,251.0,0.0,0.0,302.0,119.0,85.0,183.0,166.0,4.0,4.0,0.0,2.0,0.0,4.0,0.0,0.0,0.0,0.0
139,140.0,Iqbal Abdulla,48.0,86.0,943.0,1.0,88.0,9.0,14.0,79.0,72.0,1.0,0.0,1.0,1.0,1.0,1.0,5.0,2.0,2.0,2.0
140,141.0,Younis Khan,1.0,7.0,0.0,0.0,3.0,0.0,0.0,3.0,7.0,5.0,0.0,0.0,0.0,0.0,0.0,0.0,0.0,0.0,0.0
141,142.0,PM Sarvesh Kumar,2.0,2.0,31.0,1.0,1.0,0.0,0.0,1.0,2.0,8.0,0.0,0.0,0.0,0.0,0.0,0.0,0.0,0.0,0.0
142,143.0,DP Vijaykumar,9.0,1.0,158.0,1.0,1.0,0.0,0.0,1.0,1.0,8.0,0.0,0.0,0.0,0.0,0.0,0.0,0.0,0.0,0.0
143,144.0,Shoaib Akhtar,3.0,8.0,46.0,1.0,2.0,2.0,8.0,0.0,0.0,1.0,0.0,0.0,0.0,0.0,0.0,0.0,0.0,0.0,0.0
144,145.0,Abdur Razzak,1.0,2.0,14.0,1.0,0.0,0.0,0.0,0.0,2.0,2.0,0.0,0.0,0.0,0.0,0.0,0.0,0.0,0.0,0.0
145,146.0,H Das,1.0,5.0,0.0,0.0,2.0,0.0,0.0,2.0,5.0,8.0,0.0,0.0,0.0,0.0,0.0,0.0,0.0,0.0,0.0
146,147.0,DR Smith,91.0,1803.0,557.0,1.0,2385.0,1105.0,914.0,1280.0,889.0,7.0,8.0,8.0,0.0,7.0,7.0,3.0,3.0,13.0,13.0
147,148.0,SD Chitnis,10.0,92.0,38.0,0.0,99.0,62.0,60.0,37.0,32.0,7.0,5.0,0.0,4.0,4.0,0.0,0.0,0.0,0.0,0.0
148,149.0,CRD Fernando,10.0,3.0,249.0,1.0,4.0,0.0,0.0,4.0,3.0,7.0,0.0,7.0,0.0,0.0,0.0,0.0,0.0,0.0,0.0
149,150.0,VS Yeligati,2.0,2.0,32.0,1.0,2.0,0.0,0.0,2.0,2.0,7.0,0.0,0.0,0.0,0.0,0.0,0.0,0.0,0.0,0.0
150,151.0,L Balaji,73.0,50.0,1574.0,1.0,36.0,20.0,29.0,16.0,21.0,3.0,3.0,3.0,1.0,1.0,1.0,4.0,0.0,0.0,0.0
151,152.0,A Mukund,4.0,23.0,0.0,0.0,19.0,19.0,22.0,0.0,1.0,3.0,0.0,0.0,0.0,0.0,2.0,0.0,0.0,0.0,0.0
152,153.0,RR Powar,27.0,64.0,443.0,1.0,67.0,54.0,51.0,13.0,13.0,4.0,4.0,4.0,9.0,4.0,0.0,0.0,0.0,0.0,0.0
153,154.0,JP Duminy,78.0,1634.0,683.0,1.0,1993.0,1329.0,1052.0,664.0,582.0,0.0,7.0,7.0,8.0,8.0,0.0,6.0,6.0,6.0,0.0
154,155.0,A Flintoff,3.0,57.0,66.0,1.0,62.0,22.0,14.0,40.0,43.0,0.0,3.0,0.0,0.0,0.0,0.0,0.0,0.0,0.0,0.0
155,156.0,T Thushara,6.0,19.0,144.0,1.0,12.0,9.0,13.0,3.0,6.0,0.0,3.0,3.0,0.0,0.0,0.0,0.0,0.0,0.0,0.0
156,157.0,JD Ryder,29.0,466.0,241.0,1.0,604.0,297.0,219.0,307.0,247.0,0.0,2.0,0.0,10.0,10.0,0.0,0.0,0.0,0.0,0.0
157,158.0,KP Pietersen,36.0,758.0,180.0,0.0,1001.0,361.0,272.0,640.0,486.0,0.0,2.0,2.0,0.0,6.0,0.0,6.0,0.0,12.0,0.0
158,159.0,T Henderson,2.0,16.0,36.0,1.0,11.0,0.0,1.0,11.0,15.0,0.0,5.0,0.0,0.0,0.0,0.0,0.0,0.0,0.0,0.0
159,160.0,Kamran Khan,9.0,5.0,177.0,1.0,3.0,0.0,0.0,3.0,5.0,0.0,5.0,5.0,10.0,0.0,0.0,0.0,0.0,0.0,0.0
160,161.0,RS Bopara,24.0,468.0,213.0,1.0,531.0,298.0,274.0,233.0,194.0,0.0,4.0,4.0,0.0,0.0,0.0,0.0,11.0,0.0,0.0
161,162.0,CH Gayle,100.0,2531.0,579.0,0.0,3647.0,2003.0,1338.0,1619.0,1181.0,0.0,1.0,1.0,2.0,2.0,2.0,2.0,2.0,2.0,2.0
162,163.0,MC Henriques,58.0,769.0,918.0,1.0,969.0,713.0,546.0,256.0,223.0,0.0,1.0,6.0,0.0,0.0,2.0,11.0,11.0,11.0,11.0
163,164.0,R Bishnoi,3.0,17.0,0.0,0.0,19.0,18.0,14.0,1.0,3.0,0.0,2.0,0.0,0.0,0.0,0.0,0.0,0.0,0.0,0.0
164,165.0,FH Edwards,6.0,5.0,150.0,1.0,4.0,4.0,5.0,0.0,0.0,0.0,8.0,0.0,0.0,0.0,0.0,0.0,0.0,0.0,0.0
165,166.0,KV Sharma,56.0,285.0,1046.0,1.0,317.0,128.0,123.0,189.0,162.0,0.0,2.0,0.0,0.0,0.0,11.0,11.0,11.0,11.0,7.0
166,167.0,PC Valthaty,23.0,432.0,153.0,1.0,501.0,201.0,210.0,300.0,222.0,0.0,5.0,0.0,4.0,4.0,4.0,0.0,0.0,0.0,0.0
167,168.0,RJ Quiney,7.0,105.0,0.0,0.0,103.0,58.0,44.0,45.0,61.0,0.0,5.0,0.0,0.0,0.0,0.0,0.0,0.0,0.0,0.0
168,169.0,AS Raut,22.0,172.0,30.0,0.0,194.0,79.0,74.0,115.0,98.0,0.0,5.0,5.0,5.0,0.0,0.0,0.0,0.0,0.0,0.0
169,170.0,Yashpal Singh,5.0,67.0,0.0,0.0,47.0,13.0,21.0,34.0,46.0,0.0,7.0,0.0,0.0,0.0,0.0,0.0,0.0,0.0,0.0
170,171.0,M Manhas,41.0,486.0,42.0,0.0,514.0,222.0,201.0,292.0,285.0,0.0,6.0,6.0,10.0,10.0,10.0,3.0,0.0,0.0,0.0
171,172.0,AA Bilakhia,7.0,88.0,0.0,0.0,69.0,29.0,41.0,40.0,47.0,0.0,8.0,8.0,0.0,0.0,0.0,0.0,0.0,0.0,0.0
172,173.0,AN Ghosh,2.0,8.0,0.0,0.0,7.0,7.0,7.0,0.0,1.0,0.0,1.0,0.0,0.0,0.0,0.0,0.0,0.0,0.0,0.0
173,174.0,BAW Mendis,10.0,6.0,248.0,1.0,3.0,1.0,1.0,2.0,5.0,1.0,1.0,1.0,0.0,0.0,10.0,0.0,0.0,0.0,0.0
174,175.0,DL Vettori,34.0,118.0,785.0,1.0,121.0,59.0,59.0,62.0,59.0,6.0,6.0,6.0,2.0,2.0,0.0,0.0,0.0,0.0,0.0
175,176.0,MN van Wyk,5.0,135.0,0.0,0.0,167.0,135.0,98.0,32.0,37.0,0.0,1.0,0.0,0.0,0.0,0.0,0.0,0.0,0.0,0.0
176,177.0,RE van der Merwe,21.0,144.0,455.0,1.0,159.0,96.0,81.0,63.0,63.0,0.0,2.0,2.0,6.0,6.0,6.0,0.0,0.0,0.0,0.0
177,178.0,TL Suman,43.0,587.0,152.0,0.0,676.0,286.0,221.0,390.0,366.0,0.0,8.0,8.0,7.0,7.0,10.0,0.0,0.0,0.0,0.0
178,179.0,Shoaib Ahmed,7.0,6.0,103.0,1.0,1.0,0.0,3.0,1.0,3.0,0.0,8.0,0.0,0.0,0.0,0.0,0.0,0.0,0.0,0.0
179,180.0,GR Napier,1.0,16.0,24.0,1.0,15.0,15.0,16.0,0.0,0.0,0.0,7.0,0.0,0.0,0.0,0.0,0.0,0.0,0.0,0.0
180,181.0,KP Appanna,15.0,4.0,222.0,1.0,2.0,0.0,1.0,2.0,3.0,0.0,2.0,2.0,0.0,2.0,0.0,0.0,0.0,0.0,0.0
181,182.0,LA Carseldine,5.0,71.0,7.0,0.0,81.0,25.0,17.0,56.0,54.0,0.0,5.0,0.0,0.0,0.0,0.0,0.0,0.0,0.0,0.0
182,183.0,NV Ojha,100.0,1356.0,0.0,0.0,1553.0,828.0,717.0,725.0,639.0,0.0,5.0,5.0,6.0,6.0,6.0,11.0,11.0,11.0,11.0
183,184.0,SM Harwood,3.0,14.0,67.0,1.0,9.0,6.0,7.0,3.0,7.0,0.0,5.0,0.0,0.0,0.0,0.0,0.0,0.0,0.0,0.0
184,185.0,M Vijay,100.0,2092.0,37.0,0.0,2511.0,1476.0,1164.0,1035.0,928.0,0.0,3.0,3.0,3.0,3.0,3.0,6.0,4.0,4.0,0.0
185,186.0,SB Jakati,58.0,30.0,1101.0,1.0,28.0,28.0,30.0,0.0,0.0,0.0,3.0,3.0,3.0,3.0,0.0,2.0,0.0,13.0,13.0
186,187.0,DA Warner,115.0,2902.0,0.0,0.0,4014.0,2118.0,1548.0,1896.0,1353.0,0.0,6.0,6.0,6.0,6.0,6.0,11.0,11.0,11.0,11.0
187,188.0,RJ Harris,37.0,112.0,865.0,1.0,117.0,59.0,49.0,58.0,63.0,0.0,8.0,8.0,4.0,4.0,4.0,0.0,0.0,0.0,0.0
188,189.0,D du Preez,2.0,13.0,43.0,1.0,10.0,10.0,13.0,0.0,0.0,0.0,2.0,0.0,0.0,0.0,0.0,0.0,0.0,0.0,0.0
189,190.0,M Morkel,70.0,93.0,1699.0,1.0,126.0,10.0,20.0,116.0,73.0,0.0,5.0,5.0,6.0,6.0,6.0,1.0,1.0,1.0,0.0
190,191.0,AD Mathews,46.0,599.0,807.0,1.0,724.0,410.0,325.0,314.0,274.0,0.0,1.0,1.0,0.0,10.0,10.0,0.0,6.0,0.0,6.0
191,192.0,J Botha,34.0,364.0,709.0,1.0,409.0,138.0,131.0,271.0,233.0,0.0,5.0,0.0,5.0,5.0,6.0,0.0,1.0,0.0,0.0
192,193.0,C Nanda,3.0,1.0,50.0,1.0,0.0,0.0,0.0,0.0,1.0,0.0,7.0,0.0,0.0,0.0,0.0,0.0,0.0,0.0,0.0
193,194.0,SL Malinga,110.0,103.0,2694.0,1.0,88.0,18.0,26.0,70.0,77.0,0.0,1.0,7.0,7.0,7.0,7.0,7.0,7.0,0.0,7.0
194,195.0,Mashrafe Mortaza,1.0,2.0,28.0,1.0,2.0,2.0,2.0,0.0,0.0,0.0,1.0,0.0,0.0,0.0,0.0,0.0,0.0,0.0,0.0
195,196.0,A Singh,23.0,10.0,486.0,1.0,2.0,1.0,4.0,1.0,6.0,0.0,5.0,0.0,5.0,5.0,0.0,0.0,0.0,0.0,0.0
196,197.0,GJ Bailey,39.0,552.0,0.0,0.0,663.0,417.0,311.0,246.0,241.0,0.0,3.0,3.0,0.0,0.0,0.0,4.0,4.0,12.0,0.0
197,198.0,AB McDonald,10.0,103.0,188.0,1.0,123.0,74.0,57.0,49.0,46.0,0.0,6.0,6.0,6.0,2.0,2.0,0.0,0.0,0.0,0.0
198,199.0,Y Nagar,23.0,271.0,72.0,0.0,285.0,152.0,166.0,133.0,105.0,0.0,6.0,6.0,6.0,6.0,0.0,0.0,0.0,0.0,0.0
199,200.0,SS Shaikh,1.0,7.0,0.0,0.0,6.0,0.0,0.0,6.0,7.0,0.0,1.0,0.0,0.0,0.0,0.0,0.0,0.0,0.0,0.0
200,201.0,R Ashwin,110.0,246.0,2359.0,1.0,231.0,85.0,99.0,146.0,147.0,0.0,3.0,3.0,3.0,3.0,3.0,3.0,3.0,12.0,0.0
201,202.0,Mohammad Ashraful,1.0,12.0,0.0,0.0,2.0,2.0,12.0,0.0,0.0,0.0,7.0,0.0,0.0,0.0,0.0,0.0,0.0,0.0,0.0
202,203.0,CA Pujara,23.0,403.0,0.0,0.0,390.0,208.0,214.0,182.0,189.0,0.0,0.0,1.0,2.0,2.0,2.0,4.0,0.0,0.0,0.0
203,204.0,OA Shah,23.0,405.0,0.0,0.0,506.0,373.0,296.0,133.0,109.0,0.0,0.0,1.0,9.0,5.0,5.0,0.0,0.0,0.0,0.0
204,205.0,Anirudh Singh,5.0,69.0,0.0,0.0,63.0,40.0,43.0,23.0,26.0,0.0,0.0,8.0,0.0,0.0,0.0,0.0,0.0,0.0,0.0
205,206.0,Jaskaran Singh,8.0,11.0,111.0,1.0,8.0,3.0,3.0,5.0,8.0,0.0,8.0,8.0,0.0,0.0,0.0,0.0,0.0,0.0,0.0
206,207.0,AP Tare,30.0,285.0,0.0,0.0,339.0,197.0,175.0,142.0,110.0,0.0,0.0,7.0,0.0,0.0,7.0,7.0,7.0,11.0,6.0
207,208.0,AT Rayudu,110.0,1964.0,0.0,0.0,2416.0,1313.0,1040.0,1103.0,924.0,0.0,0.0,7.0,7.0,7.0,7.0,7.0,7.0,7.0,7.0
208,209.0,R Sathish,31.0,236.0,144.0,0.0,270.0,117.0,110.0,153.0,126.0,0.0,0.0,7.0,7.0,0.0,4.0,0.0,0.0,1.0,0.0
209,210.0,R McLaren,18.0,178.0,372.0,1.0,159.0,119.0,124.0,40.0,54.0,0.0,0.0,7.0,4.0,0.0,1.0,0.0,0.0,0.0,0.0
210,211.0,AA Jhunjhunwala,21.0,218.0,88.0,0.0,217.0,142.0,134.0,75.0,84.0,0.0,0.0,5.0,10.0,8.0,0.0,0.0,0.0,0.0,0.0
211,212.0,P Dogra,14.0,141.0,0.0,0.0,127.0,63.0,81.0,64.0,60.0,0.0,0.0,5.0,0.0,4.0,1.0,0.0,0.0,0.0,0.0
212,213.0,A Uniyal,2.0,7.0,38.0,1.0,4.0,4.0,6.0,0.0,1.0,0.0,0.0,5.0,0.0,0.0,0.0,0.0,0.0,0.0,0.0
213,214.0,MS Bisla,39.0,737.0,0.0,0.0,798.0,268.0,242.0,530.0,495.0,0.0,0.0,4.0,1.0,1.0,1.0,1.0,2.0,0.0,0.0
214,215.0,YA Abdulla,11.0,1.0,222.0,1.0,0.0,0.0,1.0,0.0,0.0,0.0,4.0,4.0,0.0,0.0,0.0,0.0,0.0,0.0,0.0
215,216.0,EJG Morgan,48.0,725.0,0.0,0.0,854.0,399.0,335.0,455.0,390.0,0.0,0.0,2.0,1.0,0.0,1.0,0.0,11.0,11.0,4.0
216,217.0,JM Kemp,5.0,25.0,47.0,1.0,26.0,0.0,0.0,26.0,25.0,0.0,0.0,3.0,0.0,0.0,0.0,0.0,0.0,0.0,0.0
217,218.0,S Tyagi,14.0,4.0,220.0,1.0,3.0,0.0,0.0,3.0,4.0,0.0,3.0,3.0,0.0,0.0,0.0,0.0,0.0,0.0,0.0
218,219.0,RS Gavaskar,2.0,8.0,6.0,0.0,2.0,0.0,0.0,2.0,8.0,0.0,0.0,1.0,0.0,0.0,0.0,0.0,0.0,0.0,0.0
219,220.0,SE Bond,8.0,2.0,191.0,1.0,1.0,0.0,0.0,1.0,2.0,0.0,0.0,1.0,0.0,0.0,0.0,0.0,0.0,0.0,0.0
220,221.0,KA Pollard,122.0,1674.0,1276.0,1.0,2354.0,1271.0,919.0,1073.0,752.0,0.0,0.0,7.0,7.0,7.0,7.0,7.0,7.0,7.0,7.0
221,222.0,S Ladda,9.0,10.0,141.0,1.0,0.0,0.0,0.0,0.0,10.0,0.0,0.0,6.0,1.0,0.0,1.0,0.0,0.0,13.0,0.0
222,223.0,DP Nannes,29.0,13.0,689.0,1.0,4.0,0.0,0.0,4.0,13.0,0.0,6.0,6.0,2.0,0.0,3.0,0.0,0.0,0.0,0.0
223,224.0,MJ Lumb,12.0,198.0,0.0,0.0,278.0,105.0,86.0,173.0,112.0,0.0,0.0,5.0,8.0,0.0,0.0,0.0,0.0,0.0,0.0
224,225.0,DR Martyn,1.0,26.0,0.0,0.0,19.0,19.0,26.0,0.0,0.0,0.0,0.0,5.0,0.0,0.0,0.0,0.0,0.0,0.0,0.0
225,226.0,S Narwal,7.0,29.0,113.0,1.0,37.0,25.0,19.0,12.0,10.0,0.0,0.0,5.0,0.0,0.0,1.0,0.0,0.0,0.0,0.0
226,227.0,AB Barath,3.0,43.0,0.0,0.0,42.0,0.0,0.0,42.0,43.0,0.0,0.0,4.0,0.0,0.0,0.0,0.0,0.0,0.0,0.0
227,228.0,Bipul Sharma,30.0,124.0,436.0,1.0,187.0,68.0,50.0,119.0,74.0,0.0,0.0,4.0,4.0,4.0,4.0,0.0,11.0,11.0,11.0
228,229.0,FY Fazal,13.0,179.0,12.0,0.0,183.0,161.0,143.0,22.0,36.0,0.0,0.0,5.0,5.0,0.0,0.0,0.0,0.0,0.0,0.0
229,230.0,AC Voges,8.0,143.0,56.0,1.0,181.0,138.0,99.0,43.0,44.0,0.0,0.0,5.0,0.0,0.0,0.0,0.0,0.0,0.0,0.0
230,231.0,MD Mishra,17.0,213.0,0.0,0.0,237.0,88.0,85.0,149.0,128.0,0.0,0.0,8.0,10.0,10.0,0.0,0.0,0.0,0.0,0.0
231,232.0,UT Yadav,99.0,135.0,2033.0,1.0,143.0,60.0,61.0,83.0,74.0,8.0,0.0,6.0,6.0,6.0,6.0,1.0,1.0,1.0,1.0
232,233.0,J Theron,10.0,13.0,235.0,1.0,10.0,0.0,2.0,10.0,11.0,0.0,0.0,4.0,0.0,8.0,0.0,0.0,5.0,0.0,0.0
233,234.0,SJ Srivastava,14.0,5.0,306.0,1.0,5.0,5.0,4.0,0.0,1.0,0.0,0.0,4.0,4.0,0.0,0.0,0.0,0.0,0.0,0.0
234,235.0,R Sharma,44.0,77.0,935.0,1.0,66.0,40.0,36.0,26.0,41.0,0.0,0.0,8.0,10.0,10.0,10.0,6.0,0.0,0.0,0.0
235,236.0,Mandeep Singh,63.0,938.0,0.0,0.0,1112.0,581.0,518.0,531.0,420.0,0.0,0.0,1.0,4.0,4.0,4.0,4.0,2.0,0.0,2.0
236,237.0,KM Jadhav,60.0,684.0,0.0,0.0,893.0,580.0,435.0,313.0,249.0,0.0,0.0,6.0,9.0,0.0,6.0,6.0,6.0,2.0,2.0
237,238.0,SW Tait,21.0,26.0,534.0,1.0,23.0,12.0,14.0,11.0,12.0,0.0,0.0,5.0,5.0,5.0,5.0,0.0,0.0,0.0,0.0
238,239.0,KB Arun Karthik,14.0,53.0,0.0,0.0,51.0,24.0,27.0,27.0,26.0,0.0,0.0,3.0,2.0,0.0,2.0,0.0,0.0,0.0,0.0
239,240.0,KAJ Roach,2.0,9.0,52.0,1.0,10.0,0.0,0.0,10.0,9.0,0.0,0.0,8.0,0.0,0.0,0.0,0.0,0.0,0.0,0.0
240,241.0,PD Collingwood,8.0,159.0,90.0,1.0,203.0,148.0,108.0,55.0,51.0,0.0,0.0,6.0,0.0,0.0,0.0,0.0,0.0,0.0,0.0
241,242.0,CK Langeveldt,7.0,9.0,165.0,1.0,8.0,0.0,0.0,8.0,9.0,0.0,1.0,1.0,2.0,0.0,0.0,0.0,0.0,0.0,0.0
242,243.0,VS Malik,13.0,7.0,212.0,1.0,7.0,6.0,5.0,1.0,2.0,0.0,4.0,4.0,4.0,0.0,5.0,5.0,0.0,0.0,0.0
243,244.0,A Mithun,16.0,26.0,312.0,1.0,34.0,8.0,5.0,26.0,21.0,0.0,2.0,2.0,2.0,2.0,2.0,0.0,0.0,0.0,0.0
244,245.0,AP Dole,3.0,23.0,73.0,1.0,34.0,4.0,4.0,30.0,19.0,0.0,0.0,5.0,0.0,0.0,0.0,0.0,0.0,0.0,0.0
245,246.0,AN Ahmed,17.0,27.0,362.0,1.0,36.0,4.0,2.0,32.0,25.0,0.0,0.0,7.0,7.0,7.0,7.0,2.0,2.0,0.0,0.0
246,247.0,RS Sodhi,2.0,2.0,0.0,0.0,4.0,0.0,0.0,4.0,2.0,0.0,0.0,4.0,0.0,0.0,0.0,0.0,0.0,0.0,0.0
247,248.0,DE Bollinger,27.0,23.0,600.0,1.0,21.0,21.0,22.0,0.0,1.0,0.0,0.0,3.0,3.0,3.0,0.0,0.0,0.0,0.0,0.0
248,249.0,S Sriram,2.0,38.0,18.0,1.0,31.0,0.0,0.0,31.0,38.0,0.0,0.0,2.0,6.0,0.0,0.0,0.0,0.0,0.0,0.0
249,250.0,B Sumanth,5.0,38.0,0.0,0.0,35.0,13.0,16.0,22.0,22.0,0.0,0.0,8.0,0.0,0.0,0.0,0.0,0.0,0.0,0.0
250,251.0,C Madan,1.0,21.0,0.0,0.0,15.0,15.0,21.0,0.0,0.0,0.0,0.0,7.0,0.0,0.0,0.0,0.0,0.0,0.0,0.0
251,252.0,AG Paunikar,5.0,61.0,0.0,0.0,49.0,24.0,34.0,25.0,27.0,0.0,0.0,5.0,5.0,0.0,0.0,0.0,0.0,0.0,0.0
252,253.0,MR Marsh,20.0,201.0,327.0,1.0,225.0,120.0,109.0,105.0,92.0,0.0,0.0,8.0,10.0,0.0,10.0,0.0,0.0,12.0,0.0
253,254.0,AJ Finch,64.0,1270.0,44.0,0.0,1604.0,851.0,682.0,752.0,584.0,0.0,0.0,5.0,6.0,6.0,10.0,11.0,7.0,13.0,13.0
254,255.0,STR Binny,76.0,619.0,554.0,1.0,766.0,390.0,298.0,376.0,321.0,0.0,0.0,7.0,5.0,5.0,5.0,5.0,5.0,2.0,2.0
255,256.0,Harmeet Singh,28.0,12.0,574.0,1.0,18.0,14.0,6.0,4.0,6.0,0.0,8.0,8.0,8.0,4.0,4.0,0.0,0.0,0.0,0.0
256,257.0,IR Jaggi,7.0,100.0,0.0,0.0,76.0,68.0,83.0,8.0,17.0,0.0,0.0,0.0,8.0,8.0,0.0,0.0,0.0,0.0,1.0
257,258.0,DT Christian,37.0,351.0,747.0,1.0,420.0,296.0,254.0,124.0,97.0,0.0,0.0,0.0,8.0,8.0,2.0,0.0,0.0,0.0,12.0
258,259.0,RV Gomez,13.0,53.0,97.0,1.0,50.0,50.0,52.0,0.0,1.0,0.0,0.0,0.0,9.0,0.0,10.0,0.0,0.0,0.0,0.0
259,260.0,MA Agarwal,49.0,692.0,0.0,0.0,814.0,369.0,332.0,445.0,360.0,0.0,0.0,0.0,2.0,2.0,2.0,6.0,6.0,6.0,12.0
260,261.0,AUK Pathan,7.0,26.0,41.0,0.0,39.0,2.0,7.0,37.0,19.0,0.0,0.0,0.0,2.0,2.0,0.0,0.0,0.0,0.0,0.0
261,262.0,UBT Chand,22.0,314.0,0.0,0.0,300.0,124.0,138.0,176.0,176.0,0.0,0.0,0.0,6.0,6.0,6.0,5.0,7.0,7.0,0.0
262,263.0,DJ Jacobs,7.0,101.0,0.0,0.0,92.0,69.0,78.0,23.0,23.0,0.0,0.0,0.0,7.0,7.0,0.0,0.0,0.0,0.0,0.0
263,264.0,Sunny Singh,6.0,31.0,0.0,0.0,43.0,17.0,11.0,26.0,20.0,0.0,0.0,0.0,4.0,0.0,0.0,0.0,0.0,0.0,0.0
264,265.0,NJ Rimmington,1.0,1.0,18.0,1.0,1.0,1.0,1.0,0.0,0.0,0.0,0.0,0.0,4.0,0.0,0.0,0.0,0.0,0.0,0.0
265,266.0,AL Menaria,26.0,367.0,113.0,0.0,401.0,250.0,237.0,151.0,130.0,0.0,0.0,0.0,5.0,5.0,5.0,0.0,0.0,0.0,0.0
266,267.0,WD Parnell,27.0,80.0,601.0,1.0,63.0,51.0,55.0,12.0,25.0,0.0,0.0,0.0,10.0,10.0,10.0,6.0,0.0,0.0,0.0
267,268.0,JJ van der Wath,3.0,17.0,76.0,1.0,18.0,0.0,0.0,18.0,17.0,0.0,0.0,0.0,2.0,0.0,0.0,0.0,0.0,0.0,0.0
268,269.0,R Ninan,2.0,6.0,36.0,1.0,3.0,0.0,0.0,3.0,6.0,0.0,0.0,0.0,2.0,0.0,0.0,0.0,0.0,0.0,0.0
269,270.0,S Aravind,38.0,59.0,788.0,1.0,59.0,9.0,17.0,50.0,42.0,0.0,0.0,0.0,2.0,2.0,0.0,0.0,2.0,2.0,2.0
270,271.0,MS Wade,3.0,33.0,0.0,0.0,22.0,19.0,29.0,3.0,4.0,0.0,0.0,0.0,6.0,0.0,0.0,0.0,0.0,0.0,0.0
271,272.0,TD Paine,2.0,29.0,0.0,0.0,10.0,2.0,9.0,8.0,20.0,0.0,0.0,0.0,10.0,0.0,0.0,0.0,0.0,0.0,0.0
272,273.0,SB Wagh,8.0,3.0,108.0,1.0,2.0,2.0,2.0,0.0,1.0,0.0,0.0,5.0,10.0,0.0,0.0,0.0,0.0,0.0,0.0
273,274.0,AC Thomas,15.0,19.0,327.0,1.0,20.0,0.0,2.0,20.0,17.0,0.0,0.0,0.0,10.0,10.0,0.0,0.0,0.0,0.0,0.0
274,275.0,JEC Franklin,19.0,309.0,155.0,1.0,321.0,118.0,88.0,203.0,221.0,0.0,0.0,0.0,7.0,7.0,0.0,0.0,0.0,0.0,0.0
275,276.0,Shakib Al Hasan,44.0,401.0,947.0,1.0,500.0,297.0,239.0,201.0,160.0,0.0,0.0,0.0,1.0,1.0,0.0,1.0,1.0,1.0,1.0
276,277.0,DH Yagnik,23.0,142.0,0.0,0.0,170.0,138.0,104.0,32.0,38.0,0.0,0.0,0.0,5.0,5.0,5.0,5.0,0.0,0.0,0.0
277,278.0,S Randiv,8.0,4.0,180.0,1.0,2.0,0.0,0.0,2.0,4.0,0.0,0.0,0.0,3.0,0.0,0.0,0.0,0.0,0.0,0.0
278,279.0,BJ Haddin,1.0,11.0,0.0,0.0,18.0,18.0,11.0,0.0,0.0,0.0,0.0,0.0,1.0,0.0,0.0,0.0,0.0,0.0,0.0
279,280.0,NLTC Perera,38.0,325.0,715.0,1.0,423.0,216.0,178.0,205.0,145.0,0.0,0.0,3.0,9.0,7.0,11.0,0.0,4.0,12.0,0.0
280,281.0,NL McCullum,2.0,23.0,30.0,1.0,26.0,11.0,7.0,15.0,16.0,0.0,0.0,0.0,10.0,0.0,0.0,0.0,0.0,0.0,0.0
281,282.0,JE Taylor,5.0,4.0,122.0,1.0,3.0,1.0,2.0,2.0,2.0,0.0,0.0,0.0,10.0,0.0,0.0,0.0,0.0,0.0,0.0
282,283.0,J Syed Mohammad,11.0,27.0,196.0,1.0,29.0,0.0,0.0,29.0,27.0,0.0,0.0,0.0,2.0,2.0,2.0,0.0,0.0,0.0,0.0
283,284.0,RN ten Doeschate,26.0,238.0,83.0,0.0,326.0,185.0,133.0,141.0,105.0,0.0,0.0,0.0,1.0,1.0,1.0,1.0,1.0,0.0,0.0
284,285.0,TR Birt,5.0,59.0,0.0,0.0,75.0,47.0,28.0,28.0,31.0,0.0,0.0,0.0,6.0,0.0,0.0,0.0,0.0,0.0,0.0
285,286.0,AG Murtaza,12.0,14.0,269.0,1.0,10.0,2.0,5.0,8.0,9.0,0.0,0.0,7.0,7.0,10.0,10.0,0.0,0.0,0.0,0.0
286,287.0,Harpreet Singh,3.0,26.0,0.0,0.0,20.0,13.0,19.0,7.0,7.0,0.0,0.0,0.0,10.0,10.0,0.0,0.0,0.0,0.0,0.0
287,288.0,M Klinger,4.0,78.0,0.0,0.0,73.0,53.0,51.0,20.0,27.0,0.0,0.0,0.0,9.0,0.0,0.0,0.0,0.0,0.0,0.0
288,289.0,AC Blizzard,7.0,91.0,0.0,0.0,120.0,43.0,30.0,77.0,61.0,0.0,0.0,0.0,7.0,7.0,0.0,0.0,0.0,0.0,0.0
289,290.0,I Malhotra,1.0,4.0,6.0,1.0,7.0,7.0,4.0,0.0,0.0,0.0,0.0,0.0,8.0,0.0,0.0,0.0,0.0,0.0,0.0
290,291.0,L Ablish,3.0,2.0,45.0,1.0,0.0,0.0,0.0,0.0,2.0,0.0,0.0,4.0,4.0,0.0,0.0,0.0,0.0,0.0,0.0
291,292.0,CA Ingram,3.0,26.0,0.0,0.0,21.0,13.0,12.0,8.0,14.0,0.0,0.0,0.0,6.0,0.0,0.0,0.0,0.0,0.0,0.0
292,293.0,S Nadeem,54.0,71.0,1137.0,1.0,26.0,9.0,30.0,17.0,41.0,0.0,0.0,0.0,6.0,6.0,6.0,6.0,6.0,6.0,6.0
293,294.0,P Parameswaran,8.0,3.0,159.0,1.0,1.0,1.0,1.0,0.0,2.0,0.0,0.0,0.0,9.0,2.0,0.0,0.0,0.0,0.0,0.0
294,295.0,CJ Ferguson,8.0,119.0,0.0,0.0,98.0,42.0,51.0,56.0,68.0,0.0,0.0,0.0,10.0,10.0,0.0,0.0,0.0,0.0,0.0
295,296.0,VR Aaron,40.0,56.0,904.0,1.0,46.0,22.0,30.0,24.0,26.0,0.0,0.0,0.0,6.0,6.0,0.0,2.0,2.0,2.0,4.0
296,297.0,AA Chavan,13.0,11.0,255.0,1.0,12.0,8.0,9.0,4.0,2.0,0.0,0.0,0.0,5.0,5.0,5.0,0.0,0.0,0.0,0.0
297,298.0,ND Doshi,4.0,13.0,57.0,1.0,0.0,0.0,13.0,0.0,0.0,0.0,0.0,2.0,5.0,0.0,0.0,0.0,0.0,0.0,0.0
298,299.0,B Kumar,90.0,160.0,2054.0,1.0,158.0,55.0,49.0,103.0,111.0,0.0,0.0,0.0,10.0,10.0,10.0,11.0,11.0,11.0,11.0
299,300.0,Y Gnaneswara Rao,2.0,18.0,6.0,0.0,19.0,0.0,0.0,19.0,18.0,0.0,0.0,0.0,9.0,0.0,0.0,0.0,0.0,0.0,0.0
300,301.0,S Rana,9.0,82.0,16.0,0.0,91.0,53.0,52.0,38.0,30.0,0.0,0.0,0.0,10.0,0.0,0.0,2.0,0.0,0.0,0.0
301,302.0,BA Bhatt,15.0,7.0,303.0,1.0,6.0,6.0,2.0,0.0,5.0,0.0,0.0,0.0,4.0,4.0,4.0,0.0,0.0,0.0,0.0
302,303.0,F du Plessis,50.0,1043.0,6.0,0.0,1295.0,639.0,515.0,656.0,528.0,0.0,0.0,0.0,0.0,3.0,0.0,3.0,3.0,12.0,12.0
303,304.0,RE Levi,6.0,74.0,0.0,0.0,83.0,30.0,26.0,53.0,48.0,0.0,0.0,0.0,0.0,7.0,0.0,0.0,0.0,0.0,0.0
304,305.0,GJ Maxwell,57.0,780.0,334.0,0.0,1229.0,671.0,420.0,557.0,359.0,0.0,0.0,0.0,0.0,6.0,7.0,4.0,4.0,4.0,4.0
305,306.0,SPD Smith,67.0,1333.0,2.0,0.0,1713.0,790.0,579.0,913.0,749.0,0.0,0.0,0.0,0.0,10.0,10.0,5.0,5.0,12.0,12.0
306,307.0,MN Samuels,15.0,174.0,219.0,1.0,161.0,116.0,107.0,45.0,67.0,0.0,0.0,0.0,0.0,10.0,10.0,0.0,0.0,0.0,6.0
307,308.0,SA Yadav,50.0,479.0,6.0,0.0,608.0,244.0,194.0,364.0,284.0,0.0,0.0,0.0,0.0,7.0,0.0,1.0,1.0,1.0,1.0
308,309.0,KK Cooper,25.0,70.0,600.0,1.0,116.0,54.0,31.0,62.0,39.0,0.0,0.0,0.0,0.0,5.0,5.0,5.0,0.0,0.0,0.0
309,310.0,JP Faulkner,60.0,406.0,1287.0,1.0,527.0,225.0,193.0,302.0,212.0,0.0,0.0,0.0,10.0,4.0,5.0,5.0,5.0,13.0,13.0
310,311.0,HV Patel,35.0,38.0,707.0,1.0,47.0,10.0,9.0,37.0,29.0,0.0,0.0,0.0,0.0,2.0,0.0,2.0,2.0,2.0,2.0
311,312.0,DAJ Bracewell,1.0,9.0,25.0,1.0,12.0,0.0,0.0,12.0,9.0,0.0,0.0,0.0,0.0,6.0,0.0,0.0,0.0,0.0,0.0
312,313.0,DJ Harris,6.0,103.0,18.0,0.0,111.0,66.0,59.0,45.0,44.0,0.0,0.0,0.0,0.0,8.0,0.0,0.0,0.0,0.0,0.0
313,314.0,Ankit Sharma,20.0,69.0,369.0,1.0,87.0,58.0,48.0,29.0,21.0,0.0,0.0,0.0,0.0,8.0,11.0,5.0,5.0,12.0,12.0
314,315.0,SP Narine,82.0,193.0,1956.0,1.0,271.0,119.0,85.0,152.0,108.0,0.0,0.0,0.0,0.0,1.0,1.0,1.0,1.0,1.0,1.0
315,316.0,GB Hogg,21.0,22.0,466.0,1.0,22.0,0.0,0.0,22.0,22.0,0.0,0.0,0.0,0.0,5.0,5.0,0.0,1.0,1.0,0.0
316,317.0,RR Bhatkal,1.0,2.0,12.0,1.0,0.0,0.0,2.0,0.0,0.0,0.0,0.0,0.0,0.0,2.0,0.0,0.0,0.0,0.0,0.0
317,318.0,CJ McKay,2.0,15.0,42.0,1.0,8.0,8.0,15.0,0.0,0.0,0.0,0.0,0.0,0.0,7.0,0.0,0.0,0.0,0.0,0.0
318,319.0,N Saini,10.0,143.0,0.0,0.0,140.0,54.0,57.0,86.0,86.0,0.0,0.0,0.0,0.0,4.0,0.0,0.0,0.0,0.0,0.0
319,320.0,DA Miller,66.0,1135.0,0.0,0.0,1563.0,674.0,497.0,889.0,637.0,0.0,0.0,0.0,0.0,4.0,4.0,4.0,4.0,4.0,4.0
320,321.0,Azhar Mahmood,23.0,311.0,552.0,1.0,388.0,236.0,180.0,152.0,131.0,0.0,0.0,0.0,0.0,4.0,4.0,0.0,1.0,0.0,0.0
321,322.0,P Negi,40.0,284.0,639.0,1.0,353.0,237.0,179.0,116.0,105.0,0.0,0.0,0.0,0.0,6.0,6.0,3.0,3.0,6.0,2.0
322,323.0,RJ Peterson,5.0,32.0,48.0,1.0,32.0,13.0,14.0,19.0,18.0,0.0,0.0,0.0,0.0,7.0,0.0,0.0,0.0,0.0,0.0
323,324.0,KMDN Kulasekara,5.0,3.0,107.0,1.0,5.0,0.0,0.0,5.0,3.0,0.0,0.0,0.0,3.0,3.0,0.0,0.0,0.0,0.0,0.0
324,325.0,A Ashish Reddy,28.0,196.0,270.0,1.0,280.0,166.0,115.0,114.0,81.0,0.0,0.0,0.0,0.0,8.0,11.0,0.0,11.0,11.0,0.0
325,326.0,V Pratap Singh,9.0,1.0,211.0,1.0,0.0,0.0,1.0,0.0,0.0,0.0,0.0,0.0,0.0,8.0,0.0,0.0,0.0,0.0,0.0
326,327.0,BB Samantray,8.0,116.0,0.0,0.0,125.0,110.0,102.0,15.0,14.0,0.0,0.0,0.0,0.0,8.0,11.0,0.0,0.0,0.0,0.0
327,328.0,MJ Clarke,6.0,96.0,66.0,1.0,98.0,16.0,18.0,82.0,78.0,0.0,0.0,0.0,0.0,10.0,0.0,0.0,0.0,0.0,0.0
328,329.0,Gurkeerat Singh,28.0,280.0,82.0,0.0,342.0,230.0,178.0,112.0,102.0,0.0,0.0,0.0,0.0,4.0,4.0,0.0,4.0,4.0,0.0
329,330.0,AP Majumdar,4.0,77.0,0.0,0.0,87.0,30.0,20.0,57.0,57.0,0.0,0.0,0.0,0.0,10.0,0.0,0.0,0.0,0.0,0.0
330,331.0,PA Reddy,11.0,167.0,0.0,0.0,164.0,48.0,59.0,116.0,108.0,0.0,0.0,0.0,0.0,8.0,11.0,0.0,0.0,0.0,0.0
331,332.0,K Upadhyay,3.0,9.0,56.0,1.0,12.0,0.0,0.0,12.0,9.0,0.0,0.0,0.0,0.0,10.0,10.0,0.0,0.0,0.0,0.0
332,333.0,P Awana,33.0,14.0,773.0,1.0,5.0,5.0,11.0,0.0,3.0,0.0,0.0,0.0,0.0,4.0,4.0,4.0,0.0,0.0,0.0
333,334.0,AD Russell,34.0,350.0,651.0,1.0,574.0,209.0,118.0,365.0,232.0,0.0,0.0,0.0,0.0,6.0,6.0,1.0,1.0,1.0,0.0
334,335.0,A Chandila,12.0,7.0,234.0,1.0,4.0,4.0,7.0,0.0,0.0,0.0,0.0,0.0,0.0,5.0,5.0,0.0,0.0,0.0,0.0
335,336.0,CA Lynn,12.0,260.0,0.0,0.0,384.0,91.0,78.0,293.0,182.0,0.0,0.0,0.0,0.0,8.0,0.0,1.0,0.0,1.0,1.0
336,337.0,Sunny Gupta,1.0,1.0,19.0,1.0,0.0,0.0,0.0,0.0,1.0,0.0,0.0,0.0,0.0,6.0,0.0,0.0,0.0,0.0,0.0
337,338.0,MC Juneja,7.0,134.0,0.0,0.0,125.0,54.0,69.0,71.0,65.0,0.0,0.0,0.0,0.0,0.0,6.0,0.0,0.0,0.0,0.0
338,339.0,KK Nair,52.0,929.0,0.0,0.0,1158.0,528.0,437.0,630.0,492.0,0.0,0.0,0.0,0.0,0.0,2.0,5.0,5.0,6.0,6.0
339,340.0,GH Vihari,21.0,323.0,37.0,0.0,280.0,105.0,131.0,175.0,192.0,0.0,0.0,0.0,0.0,0.0,11.0,0.0,11.0,0.0,0.0
340,341.0,MDKJ Perera,2.0,13.0,0.0,0.0,14.0,14.0,13.0,0.0,0.0,0.0,0.0,0.0,0.0,0.0,5.0,0.0,0.0,0.0,0.0
341,342.0,R Shukla,8.0,23.0,130.0,1.0,19.0,3.0,5.0,16.0,18.0,0.0,0.0,0.0,0.0,7.0,5.0,6.0,0.0,0.0,0.0
342,343.0,B Laughlin,2.0,9.0,45.0,1.0,4.0,0.0,0.0,4.0,9.0,0.0,0.0,0.0,0.0,0.0,3.0,0.0,0.0,0.0,0.0
343,344.0,AS Rajpoot,11.0,13.0,184.0,1.0,6.0,4.0,7.0,2.0,6.0,0.0,0.0,0.0,0.0,0.0,3.0,0.0,0.0,1.0,1.0
344,345.0,M Vohra,43.0,750.0,0.0,0.0,957.0,487.0,417.0,470.0,333.0,0.0,0.0,0.0,0.0,0.0,4.0,4.0,4.0,4.0,4.0
345,346.0,JD Unadkat,46.0,13.0,995.0,1.0,5.0,4.0,8.0,1.0,5.0,0.0,0.0,1.0,1.0,1.0,2.0,6.0,6.0,1.0,12.0
346,347.0,Mohammed Shami,31.0,46.0,659.0,1.0,46.0,7.0,16.0,39.0,30.0,0.0,0.0,0.0,0.0,0.0,1.0,6.0,0.0,6.0,6.0
347,348.0,BMAJ Mendis,3.0,27.0,30.0,1.0,23.0,11.0,9.0,12.0,18.0,0.0,0.0,0.0,0.0,0.0,6.0,0.0,0.0,0.0,0.0
348,349.0,R Rampaul,12.0,52.0,278.0,1.0,51.0,16.0,27.0,35.0,25.0,0.0,0.0,0.0,0.0,0.0,2.0,2.0,0.0,0.0,0.0
349,350.0,CH Morris,48.0,275.0,1042.0,1.0,439.0,172.0,112.0,267.0,163.0,0.0,0.0,0.0,0.0,0.0,3.0,0.0,5.0,6.0,6.0
350,351.0,SV Samson,66.0,1165.0,0.0,0.0,1426.0,649.0,509.0,777.0,656.0,0.0,0.0,0.0,0.0,0.0,5.0,5.0,5.0,6.0,6.0
351,352.0,SMSM Senanayake,8.0,17.0,195.0,1.0,10.0,7.0,13.0,3.0,4.0,0.0,0.0,0.0,0.0,0.0,1.0,0.0,0.0,0.0,0.0
352,353.0,BJ Rohrer,8.0,146.0,7.0,0.0,193.0,91.0,69.0,102.0,76.0,0.0,0.0,0.0,0.0,0.0,6.0,0.0,0.0,0.0,0.0
353,354.0,KL Rahul,35.0,592.0,0.0,0.0,725.0,450.0,366.0,275.0,226.0,0.0,0.0,0.0,0.0,0.0,2.0,11.0,11.0,2.0,0.0
354,355.0,Q de Kock,26.0,566.0,0.0,0.0,726.0,247.0,205.0,479.0,361.0,0.0,0.0,0.0,0.0,0.0,11.0,6.0,6.0,6.0,0.0
355,356.0,R Dhawan,26.0,135.0,513.0,1.0,153.0,86.0,69.0,67.0,66.0,0.0,0.0,0.0,0.0,0.0,7.0,4.0,4.0,4.0,0.0
356,357.0,MG Johnson,48.0,157.0,1168.0,1.0,151.0,96.0,99.0,55.0,58.0,0.0,0.0,0.0,0.0,0.0,7.0,4.0,4.0,4.0,7.0
357,358.0,LJ Wright,7.0,63.0,75.0,1.0,106.0,78.0,35.0,28.0,28.0,0.0,0.0,0.0,0.0,10.0,10.0,0.0,0.0,0.0,0.0
358,359.0,IC Pandey,24.0,2.0,469.0,1.0,0.0,0.0,0.0,0.0,2.0,0.0,0.0,0.0,0.0,0.0,10.0,3.0,3.0,0.0,0.0
359,360.0,CM Gautam,13.0,158.0,0.0,0.0,169.0,78.0,74.0,91.0,84.0,0.0,0.0,0.0,0.0,0.0,6.0,7.0,6.0,0.0,0.0
360,361.0,X Thalaivan Sargunam,1.0,17.0,0.0,0.0,10.0,10.0,17.0,0.0,0.0,0.0,0.0,0.0,0.0,0.0,11.0,0.0,0.0,0.0,0.0
361,362.0,DJG Sammy,22.0,251.0,244.0,1.0,295.0,220.0,188.0,75.0,63.0,0.0,0.0,0.0,0.0,0.0,11.0,11.0,2.0,0.0,0.0
362,363.0,KW Richardson,14.0,39.0,326.0,1.0,36.0,9.0,17.0,27.0,22.0,0.0,0.0,0.0,0.0,0.0,10.0,5.0,0.0,2.0,0.0
363,364.0,MM Sharma,75.0,104.0,1566.0,1.0,112.0,47.0,49.0,65.0,55.0,0.0,0.0,0.0,0.0,0.0,3.0,3.0,3.0,4.0,4.0
364,365.0,UA Birla,2.0,15.0,0.0,0.0,7.0,0.0,0.0,7.0,15.0,0.0,0.0,0.0,0.0,0.0,10.0,0.0,0.0,0.0,0.0
365,366.0,Parvez Rasool,11.0,20.0,200.0,1.0,17.0,4.0,5.0,13.0,15.0,0.0,0.0,0.0,0.0,0.0,10.0,11.0,11.0,2.0,0.0
366,367.0,Sandeep Sharma,56.0,36.0,1273.0,1.0,26.0,4.0,8.0,22.0,28.0,0.0,0.0,0.0,0.0,0.0,4.0,4.0,4.0,4.0,4.0
367,368.0,S Kaul,21.0,13.0,436.0,1.0,9.0,0.0,0.0,9.0,13.0,0.0,0.0,0.0,0.0,0.0,6.0,6.0,0.0,0.0,11.0
368,369.0,Sachin Baby,13.0,106.0,10.0,0.0,137.0,86.0,63.0,51.0,43.0,0.0,0.0,0.0,0.0,0.0,5.0,0.0,0.0,2.0,2.0
369,370.0,PV Tambe,33.0,39.0,674.0,1.0,18.0,2.0,4.0,16.0,35.0,0.0,0.0,0.0,0.0,0.0,5.0,5.0,5.0,13.0,0.0
370,371.0,NM Coulter-Nile,25.0,53.0,586.0,1.0,52.0,32.0,39.0,20.0,14.0,0.0,0.0,0.0,0.0,0.0,7.0,6.0,6.0,6.0,1.0
371,372.0,CJ Anderson,27.0,414.0,259.0,1.0,521.0,305.0,250.0,216.0,164.0,0.0,0.0,0.0,0.0,0.0,0.0,7.0,7.0,0.0,6.0
372,373.0,NJ Maddinson,3.0,21.0,0.0,0.0,20.0,0.0,0.0,20.0,21.0,0.0,0.0,0.0,0.0,0.0,0.0,2.0,2.0,0.0,0.0
373,374.0,AR Patel,60.0,494.0,1280.0,1.0,606.0,309.0,257.0,297.0,237.0,0.0,0.0,0.0,0.0,0.0,0.0,4.0,4.0,4.0,4.0
374,375.0,JJ Bumrah,47.0,27.0,1083.0,1.0,25.0,3.0,6.0,22.0,21.0,0.0,0.0,0.0,0.0,0.0,7.0,7.0,7.0,7.0,7.0
375,376.0,JDS Neesham,4.0,46.0,57.0,1.0,42.0,12.0,20.0,30.0,26.0,0.0,0.0,0.0,0.0,0.0,0.0,6.0,0.0,0.0,0.0
376,377.0,TG Southee,29.0,36.0,691.0,1.0,54.0,33.0,18.0,21.0,18.0,0.0,0.0,0.0,3.0,0.0,0.0,5.0,5.0,7.0,7.0
377,378.0,MA Starc,26.0,98.0,612.0,1.0,96.0,35.0,42.0,61.0,56.0,0.0,0.0,0.0,0.0,0.0,0.0,2.0,2.0,0.0,0.0
378,379.0,BR Dunk,4.0,36.0,0.0,0.0,40.0,15.0,14.0,25.0,22.0,0.0,0.0,0.0,0.0,0.0,0.0,7.0,0.0,0.0,0.0
379,380.0,RR Rossouw,6.0,51.0,0.0,0.0,53.0,1.0,4.0,52.0,47.0,0.0,0.0,0.0,0.0,0.0,0.0,2.0,2.0,0.0,0.0
380,381.0,Shivam Sharma,5.0,3.0,114.0,1.0,5.0,5.0,3.0,0.0,0.0,0.0,0.0,0.0,0.0,0.0,0.0,4.0,4.0,0.0,0.0
381,382.0,YS Chahal,55.0,29.0,1219.0,1.0,15.0,2.0,3.0,13.0,26.0,0.0,0.0,0.0,0.0,0.0,7.0,2.0,2.0,2.0,2.0
382,383.0,LMP Simmons,29.0,878.0,18.0,0.0,1079.0,663.0,551.0,416.0,327.0,0.0,0.0,0.0,0.0,0.0,0.0,7.0,7.0,7.0,7.0
383,384.0,VH Zol,2.0,26.0,0.0,0.0,29.0,29.0,26.0,0.0,0.0,0.0,0.0,0.0,0.0,0.0,0.0,2.0,0.0,0.0,0.0
384,385.0,BCJ Cutting,9.0,70.0,171.0,1.0,124.0,83.0,42.0,41.0,28.0,0.0,0.0,0.0,0.0,0.0,0.0,5.0,0.0,11.0,11.0
385,386.0,Imran Tahir,32.0,25.0,734.0,1.0,18.0,7.0,8.0,11.0,17.0,0.0,0.0,0.0,0.0,0.0,0.0,6.0,6.0,6.0,12.0
386,387.0,BE Hendricks,7.0,3.0,157.0,1.0,1.0,1.0,3.0,0.0,0.0,0.0,0.0,0.0,0.0,0.0,0.0,4.0,4.0,0.0,0.0
387,388.0,S Gopal,6.0,27.0,116.0,1.0,14.0,14.0,27.0,0.0,0.0,0.0,0.0,0.0,0.0,0.0,0.0,7.0,7.0,7.0,0.0
388,389.0,M de Lange,5.0,2.0,116.0,1.0,1.0,1.0,2.0,0.0,0.0,0.0,0.0,0.0,0.0,1.0,0.0,7.0,7.0,0.0,0.0
389,390.0,R Tewatia,7.0,24.0,128.0,1.0,35.0,19.0,11.0,16.0,13.0,0.0,0.0,0.0,0.0,0.0,0.0,5.0,5.0,0.0,4.0
390,391.0,JO Holder,11.0,32.0,228.0,1.0,38.0,32.0,24.0,6.0,8.0,0.0,0.0,0.0,0.0,0.0,3.0,11.0,0.0,1.0,0.0
391,392.0,Karanveer Singh,9.0,17.0,213.0,1.0,12.0,0.0,0.0,12.0,17.0,0.0,0.0,0.0,0.0,0.0,0.0,4.0,4.0,0.0,0.0
392,393.0,SS Iyer,32.0,655.0,0.0,0.0,807.0,384.0,318.0,423.0,337.0,0.0,0.0,0.0,0.0,0.0,0.0,0.0,6.0,6.0,6.0
393,394.0,DJ Hooda,36.0,277.0,201.0,0.0,373.0,173.0,131.0,200.0,146.0,0.0,0.0,0.0,0.0,0.0,0.0,0.0,5.0,11.0,11.0
394,395.0,Anureet Singh,19.0,43.0,406.0,1.0,33.0,8.0,4.0,25.0,39.0,0.0,1.0,0.0,0.0,0.0,0.0,0.0,4.0,4.0,4.0
395,396.0,KS Williamson,15.0,325.0,6.0,0.0,411.0,363.0,276.0,48.0,49.0,0.0,0.0,0.0,0.0,0.0,0.0,0.0,11.0,11.0,11.0
396,397.0,SA Abbott,2.0,13.0,32.0,1.0,15.0,14.0,9.0,1.0,4.0,0.0,0.0,0.0,0.0,0.0,0.0,0.0,2.0,0.0,0.0
397,398.0,J Suchith,14.0,33.0,253.0,1.0,48.0,10.0,8.0,38.0,25.0,0.0,0.0,0.0,0.0,0.0,0.0,0.0,7.0,7.0,0.0
398,399.0,RG More,2.0,2.0,37.0,1.0,2.0,2.0,2.0,0.0,0.0,0.0,0.0,0.0,0.0,0.0,0.0,0.0,3.0,0.0,0.0
399,400.0,HH Pandya,38.0,306.0,375.0,1.0,406.0,216.0,173.0,190.0,133.0,0.0,0.0,0.0,0.0,0.0,0.0,0.0,7.0,7.0,7.0
400,401.0,D Wiese,15.0,94.0,289.0,1.0,127.0,28.0,21.0,99.0,73.0,0.0,0.0,0.0,0.0,0.0,0.0,0.0,2.0,2.0,0.0
401,402.0,SN Khan,12.0,103.0,0.0,0.0,177.0,154.0,82.0,23.0,21.0,0.0,0.0,0.0,0.0,0.0,0.0,0.0,2.0,2.0,0.0
402,403.0,MJ McClenaghan,40.0,45.0,982.0,1.0,63.0,10.0,9.0,53.0,36.0,0.0,0.0,0.0,0.0,0.0,0.0,0.0,7.0,7.0,7.0
403,404.0,DJ Muthuswami,6.0,3.0,84.0,1.0,1.0,1.0,3.0,0.0,0.0,0.0,0.0,0.0,0.0,0.0,0.0,0.0,6.0,0.0,0.0
404,405.0,PJ Cummins,16.0,56.0,379.0,1.0,77.0,26.0,17.0,51.0,39.0,0.0,0.0,0.0,0.0,0.0,0.0,1.0,1.0,0.0,6.0
405,406.0,SN Thakur,13.0,9.0,259.0,1.0,7.0,7.0,9.0,0.0,0.0,0.0,0.0,0.0,0.0,0.0,0.0,0.0,4.0,0.0,12.0
406,407.0,JC Buttler,24.0,374.0,0.0,0.0,528.0,177.0,140.0,350.0,232.0,0.0,0.0,0.0,0.0,0.0,0.0,0.0,0.0,7.0,7.0
407,408.0,CR Brathwaite,10.0,56.0,181.0,1.0,95.0,61.0,26.0,34.0,30.0,0.0,0.0,0.0,0.0,0.0,0.0,0.0,0.0,6.0,6.0
408,409.0,MP Stoinis,12.0,136.0,209.0,1.0,163.0,129.0,111.0,34.0,25.0,0.0,0.0,0.0,0.0,0.0,0.0,0.0,0.0,4.0,4.0
409,410.0,Ishan Kishan,16.0,255.0,0.0,0.0,319.0,193.0,159.0,126.0,96.0,0.0,0.0,0.0,0.0,0.0,0.0,0.0,0.0,13.0,13.0
410,411.0,C Munro,4.0,31.0,12.0,0.0,30.0,14.0,14.0,16.0,17.0,0.0,0.0,0.0,0.0,0.0,0.0,0.0,0.0,1.0,0.0
411,412.0,P Sahu,5.0,13.0,107.0,1.0,19.0,19.0,13.0,0.0,0.0,0.0,0.0,0.0,0.0,0.0,0.0,0.0,0.0,4.0,0.0
412,413.0,KH Pandya,25.0,313.0,440.0,1.0,480.0,245.0,158.0,235.0,155.0,0.0,0.0,0.0,0.0,0.0,0.0,0.0,0.0,7.0,7.0
413,414.0,AD Nath,4.0,28.0,0.0,0.0,20.0,5.0,10.0,15.0,18.0,0.0,0.0,0.0,0.0,0.0,0.0,0.0,0.0,13.0,13.0
414,415.0,MJ Guptill,10.0,143.0,0.0,0.0,189.0,116.0,105.0,73.0,38.0,0.0,0.0,0.0,0.0,0.0,0.0,0.0,0.0,7.0,4.0
415,416.0,KJ Abbott,5.0,8.0,102.0,1.0,13.0,13.0,7.0,0.0,1.0,0.0,0.0,0.0,0.0,0.0,0.0,0.0,0.0,4.0,0.0
416,417.0,TM Head,10.0,151.0,48.0,0.0,205.0,167.0,115.0,38.0,36.0,0.0,0.0,0.0,0.0,0.0,0.0,0.0,0.0,2.0,2.0
417,418.0,M Ashwin,10.0,1.0,176.0,1.0,0.0,0.0,0.0,0.0,1.0,0.0,0.0,0.0,0.0,0.0,0.0,0.0,0.0,12.0,0.0
418,419.0,NS Naik,2.0,33.0,0.0,0.0,23.0,22.0,30.0,1.0,3.0,0.0,0.0,0.0,0.0,0.0,0.0,0.0,0.0,4.0,0.0
419,420.0,RR Pant,24.0,381.0,0.0,0.0,564.0,140.0,104.0,424.0,277.0,0.0,0.0,0.0,0.0,0.0,0.0,0.0,0.0,6.0,6.0
420,421.0,SW Billings,11.0,173.0,0.0,0.0,226.0,182.0,136.0,44.0,37.0,0.0,0.0,0.0,0.0,0.0,0.0,0.0,0.0,6.0,6.0
421,422.0,KC Cariappa,10.0,18.0,211.0,1.0,15.0,1.0,3.0,14.0,15.0,0.0,0.0,0.0,0.0,0.0,0.0,0.0,1.0,4.0,4.0
422,423.0,PSP Handscomb,1.0,12.0,0.0,0.0,6.0,6.0,12.0,0.0,0.0,0.0,0.0,0.0,0.0,0.0,0.0,0.0,0.0,12.0,0.0
423,424.0,Swapnil Singh,5.0,20.0,61.0,1.0,12.0,12.0,19.0,0.0,1.0,0.0,0.0,0.0,0.0,0.0,0.0,0.0,0.0,4.0,4.0
424,425.0,J Yadav,11.0,12.0,183.0,1.0,6.0,6.0,12.0,0.0,0.0,0.0,0.0,0.0,0.0,0.0,0.0,0.0,6.0,6.0,6.0
425,426.0,UT Khawaja,6.0,105.0,0.0,0.0,127.0,37.0,23.0,90.0,82.0,0.0,0.0,0.0,0.0,0.0,0.0,0.0,0.0,12.0,0.0
426,427.0,HM Amla,16.0,418.0,0.0,0.0,577.0,426.0,286.0,151.0,132.0,0.0,0.0,0.0,0.0,0.0,0.0,0.0,0.0,4.0,4.0
427,428.0,F Behardien,3.0,13.0,0.0,0.0,14.0,5.0,5.0,9.0,8.0,0.0,0.0,0.0,0.0,0.0,0.0,0.0,0.0,4.0,0.0
428,429.0,BB Sran,16.0,4.0,345.0,1.0,4.0,2.0,2.0,2.0,2.0,0.0,0.0,0.0,0.0,0.0,0.0,0.0,5.0,11.0,11.0
429,430.0,A Zampa,11.0,8.0,225.0,1.0,5.0,0.0,0.0,5.0,8.0,0.0,0.0,0.0,0.0,0.0,0.0,0.0,0.0,12.0,12.0
430,431.0,N Rana,17.0,355.0,6.0,0.0,437.0,146.0,117.0,291.0,238.0,0.0,0.0,0.0,0.0,0.0,0.0,0.0,0.0,7.0,7.0
431,432.0,S Kaushik,10.0,1.0,210.0,1.0,0.0,0.0,0.0,0.0,1.0,0.0,0.0,0.0,0.0,0.0,0.0,0.0,0.0,13.0,13.0
432,433.0,ER Dwivedi,3.0,15.0,0.0,0.0,24.0,24.0,15.0,0.0,0.0,0.0,0.0,0.0,0.0,0.0,0.0,0.0,0.0,13.0,0.0
433,434.0,CJ Jordan,10.0,5.0,188.0,1.0,3.0,0.0,1.0,3.0,4.0,0.0,0.0,0.0,0.0,0.0,0.0,0.0,0.0,2.0,11.0
434,435.0,P Amarnath,6.0,0.0,132.0,1.0,0.0,0.0,0.0,0.0,0.0,3.0,0.0,0.0,0.0,0.0,0.0,0.0,0.0,0.0,0.0
435,436.0,B Geeves,2.0,0.0,49.0,1.0,0.0,0.0,0.0,0.0,0.0,6.0,0.0,0.0,0.0,0.0,0.0,0.0,0.0,0.0,0.0
436,437.0,Gagandeep Singh,4.0,0.0,84.0,1.0,0.0,0.0,0.0,0.0,0.0,4.0,0.0,0.0,0.0,0.0,0.0,0.0,0.0,0.0,0.0
437,438.0,A Nel,1.0,0.0,18.0,1.0,0.0,0.0,0.0,0.0,0.0,7.0,0.0,0.0,0.0,0.0,0.0,0.0,0.0,0.0,0.0
438,439.0,AM Salvi,7.0,0.0,156.0,1.0,0.0,0.0,0.0,0.0,0.0,0.0,6.0,0.0,6.0,0.0,0.0,0.0,0.0,0.0,0.0
439,440.0,RR Bose,1.0,0.0,12.0,1.0,0.0,0.0,0.0,0.0,0.0,0.0,4.0,0.0,0.0,0.0,0.0,0.0,0.0,0.0,0.0
440,441.0,SS Sarkar,2.0,0.0,25.0,1.0,0.0,0.0,0.0,0.0,0.0,0.0,1.0,0.0,0.0,0.0,0.0,0.0,0.0,0.0,0.0
441,442.0,RA Shaikh,1.0,0.0,6.0,1.0,0.0,0.0,0.0,0.0,0.0,0.0,7.0,0.0,0.0,0.0,0.0,0.0,0.0,0.0,0.0
442,443.0,C Ganapathy,1.0,0.0,6.0,1.0,0.0,0.0,0.0,0.0,0.0,0.0,0.0,3.0,0.0,0.0,0.0,0.0,0.0,0.0,0.0
443,444.0,MB Parmar,1.0,0.0,19.0,1.0,0.0,0.0,0.0,0.0,0.0,0.0,0.0,1.0,0.0,0.0,0.0,0.0,0.0,0.0,0.0
444,445.0,AA Kazi,1.0,0.0,13.0,1.0,0.0,0.0,0.0,0.0,0.0,0.0,0.0,0.0,2.0,0.0,0.0,0.0,0.0,0.0,0.0
445,446.0,Anand Rajan,8.0,0.0,162.0,1.0,0.0,0.0,0.0,0.0,0.0,0.0,0.0,0.0,8.0,8.0,11.0,0.0,0.0,0.0,0.0
446,447.0,P Prasanth,1.0,0.0,6.0,1.0,0.0,0.0,0.0,0.0,0.0,0.0,0.0,0.0,9.0,0.0,0.0,0.0,0.0,0.0,0.0
447,448.0,SS Mundhe,1.0,0.0,7.0,1.0,0.0,0.0,0.0,0.0,0.0,0.0,0.0,0.0,10.0,0.0,0.0,0.0,0.0,0.0,0.0
448,449.0,RW Price,1.0,0.0,18.0,1.0,0.0,0.0,0.0,0.0,0.0,0.0,0.0,0.0,7.0,0.0,0.0,0.0,0.0,0.0,0.0
449,450.0,TP Sudhindra,3.0,0.0,74.0,1.0,0.0,0.0,0.0,0.0,0.0,0.0,0.0,0.0,0.0,8.0,0.0,0.0,0.0,0.0,0.0
450,451.0,BW Hilfenhaus,17.0,0.0,390.0,1.0,0.0,0.0,0.0,0.0,0.0,0.0,0.0,0.0,0.0,3.0,0.0,3.0,0.0,0.0,0.0
451,452.0,S Badree,12.0,25.0,263.0,1.0,13.0,3.0,3.0,10.0,22.0,0.0,0.0,0.0,0.0,0.0,5.0,3.0,0.0,0.0,2.0
452,453.0,P Suyal,5.0,0.0,107.0,1.0,0.0,0.0,0.0,0.0,0.0,0.0,0.0,0.0,0.0,0.0,7.0,7.0,7.0,0.0,0.0
453,454.0,MG Neser,1.0,0.0,25.0,1.0,0.0,0.0,0.0,0.0,0.0,0.0,0.0,0.0,0.0,0.0,4.0,0.0,0.0,0.0,0.0
454,455.0,V Shankar,7.0,77.0,6.0,0.0,101.0,23.0,20.0,78.0,57.0,0.0,0.0,0.0,0.0,0.0,0.0,3.0,0.0,0.0,11.0
455,456.0,K Santokie,2.0,0.0,51.0,1.0,0.0,0.0,0.0,0.0,0.0,0.0,0.0,0.0,0.0,0.0,0.0,7.0,0.0,0.0,0.0
456,457.0,JW Hastings,3.0,0.0,61.0,1.0,0.0,0.0,0.0,0.0,0.0,0.0,0.0,0.0,0.0,0.0,0.0,3.0,0.0,1.0,0.0
457,458.0,TA Boult,14.0,8.0,355.0,1.0,5.0,0.0,0.0,5.0,8.0,0.0,0.0,0.0,0.0,0.0,0.0,0.0,11.0,11.0,1.0
458,459.0,GS Sandhu,2.0,0.0,48.0,1.0,0.0,0.0,0.0,0.0,0.0,0.0,0.0,0.0,0.0,0.0,0.0,0.0,6.0,0.0,0.0
459,460.0,Mustafizur Rahman,17.0,0.0,393.0,1.0,0.0,0.0,0.0,0.0,0.0,0.0,0.0,0.0,0.0,0.0,0.0,0.0,0.0,11.0,11.0
460,461.0,AF Milne,5.0,12.0,115.0,1.0,7.0,0.0,1.0,7.0,11.0,0.0,0.0,0.0,0.0,0.0,0.0,0.0,0.0,2.0,2.0
461,462.0,Kuldeep Yadav,15.0,22.0,324.0,1.0,20.0,4.0,7.0,16.0,15.0,0.0,0.0,0.0,0.0,0.0,0.0,0.0,0.0,1.0,1.0
462,463.0,T Shamsi,4.0,0.0,96.0,1.0,0.0,0.0,0.0,0.0,0.0,0.0,0.0,0.0,0.0,0.0,0.0,0.0,0.0,2.0,0.0
463,464.0,SM Boland,2.0,0.0,43.0,1.0,0.0,0.0,0.0,0.0,0.0,0.0,0.0,0.0,0.0,0.0,0.0,0.0,0.0,12.0,0.0
464,465.0,DL Chahar,5.0,6.0,77.0,1.0,14.0,0.0,0.0,14.0,6.0,0.0,0.0,0.0,0.0,0.0,0.0,0.0,0.0,12.0,12.0
465,468.0,KH Devdhar,1.0,0.0,0.0,0.0,0.0,0.0,0.0,0.0,0.0,0.0,0.0,0.0,0.0,0.0,0.0,0.0,0.0,0.0,0.0
466,469.0,T Mishra,1.0,0.0,0.0,0.0,0.0,0.0,0.0,0.0,0.0,0.0,0.0,0.0,0.0,0.0,0.0,0.0,0.0,0.0,0.0
467,470.0,A Choudhary,5.0,20.0,108.0,1.0,25.0,15.0,12.0,10.0,8.0,0.0,0.0,0.0,0.0,0.0,0.0,0.0,0.0,0.0,2.0
468,471.0,AJ Tye,6.0,30.0,128.0,1.0,53.0,25.0,12.0,28.0,18.0,0.0,0.0,0.0,0.0,0.0,0.0,0.0,0.0,0.0,13.0
469,472.0,Ankit Soni,6.0,9.0,112.0,1.0,7.0,7.0,9.0,0.0,0.0,0.0,0.0,0.0,0.0,0.0,0.0,0.0,0.0,0.0,13.0
470,473.0,AR Bawne,1.0,12.0,0.0,0.0,12.0,12.0,12.0,0.0,0.0,0.0,0.0,0.0,0.0,0.0,0.0,0.0,0.0,0.0,6.0
471,474.0,Avesh Khan,1.0,0.0,24.0,1.0,0.0,0.0,0.0,0.0,0.0,0.0,0.0,0.0,0.0,0.0,0.0,0.0,0.0,0.0,2.0
472,475.0,B Stanlake,2.0,0.0,50.0,1.0,0.0,0.0,0.0,0.0,0.0,0.0,0.0,0.0,0.0,0.0,0.0,0.0,0.0,0.0,2.0
473,476.0,BA Stokes,12.0,227.0,274.0,1.0,316.0,133.0,93.0,183.0,134.0,0.0,0.0,0.0,0.0,0.0,0.0,0.0,0.0,0.0,12.0
474,477.0,Basil Thampi,12.0,30.0,278.0,1.0,28.0,17.0,17.0,11.0,13.0,0.0,0.0,0.0,0.0,0.0,0.0,0.0,0.0,0.0,13.0
475,478.0,C de Grandhomme,12.0,92.0,102.0,1.0,126.0,36.0,24.0,90.0,68.0,0.0,0.0,0.0,0.0,0.0,0.0,0.0,0.0,0.0,1.0
476,479.0,CR Woakes,13.0,47.0,278.0,1.0,46.0,29.0,33.0,17.0,14.0,0.0,0.0,0.0,0.0,0.0,0.0,0.0,0.0,0.0,1.0
477,480.0,DM Bravo,1.0,5.0,0.0,0.0,6.0,0.0,0.0,6.0,5.0,0.0,0.0,0.0,0.0,0.0,0.0,0.0,0.0,0.0,1.0
478,481.0,JJ Roy,3.0,41.0,0.0,0.0,59.0,59.0,41.0,0.0,0.0,0.0,0.0,0.0,0.0,0.0,0.0,0.0,0.0,0.0,13.0
479,482.0,K Rabada,6.0,68.0,137.0,1.0,55.0,11.0,21.0,44.0,47.0,0.0,0.0,0.0,0.0,0.0,0.0,0.0,0.0,0.0,6.0
480,483.0,LH Ferguson,4.0,1.0,87.0,1.0,1.0,1.0,1.0,0.0,0.0,0.0,0.0,0.0,0.0,0.0,0.0,0.0,0.0,0.0,12.0
481,484.0,MJ Henry,2.0,0.0,31.0,1.0,0.0,0.0,0.0,0.0,0.0,0.0,0.0,0.0,0.0,0.0,0.0,0.0,0.0,0.0,4.0
482,485.0,Mohammad Nabi,3.0,3.0,66.0,1.0,2.0,2.0,3.0,0.0,0.0,0.0,0.0,0.0,0.0,0.0,0.0,0.0,0.0,0.0,11.0
483,486.0,Mohammed Siraj,6.0,0.0,141.0,1.0,0.0,0.0,0.0,0.0,0.0,0.0,0.0,0.0,0.0,0.0,0.0,0.0,0.0,0.0,11.0
484,487.0,NB Singh,2.0,0.0,25.0,1.0,0.0,0.0,0.0,0.0,0.0,0.0,0.0,0.0,0.0,0.0,0.0,0.0,0.0,0.0,13.0
485,488.0,RA Tripathi,14.0,275.0,6.0,0.0,391.0,185.0,132.0,206.0,143.0,0.0,0.0,0.0,0.0,0.0,0.0,0.0,0.0,0.0,12.0
486,489.0,Rashid Khan,14.0,9.0,328.0,1.0,11.0,8.0,5.0,3.0,4.0,0.0,0.0,0.0,0.0,0.0,0.0,0.0,0.0,0.0,11.0
487,490.0,RD Chahar,2.0,2.0,46.0,1.0,3.0,3.0,2.0,0.0,0.0,0.0,0.0,0.0,0.0,0.0,0.0,0.0,0.0,0.0,12.0
488,491.0,SP Jackson,3.0,31.0,0.0,0.0,38.0,10.0,9.0,28.0,22.0,0.0,0.0,0.0,0.0,0.0,0.0,0.0,0.0,0.0,1.0
489,492.0,SS Agarwal,1.0,0.0,24.0,1.0,0.0,0.0,0.0,0.0,0.0,0.0,0.0,0.0,0.0,0.0,0.0,0.0,0.0,0.0,13.0
490,493.0,T Natarajan,6.0,0.0,82.0,1.0,0.0,0.0,0.0,0.0,0.0,0.0,0.0,0.0,0.0,0.0,0.0,0.0,0.0,0.0,4.0
491,494.0,Tejas Baroka,1.0,0.0,21.0,1.0,0.0,0.0,0.0,0.0,0.0,0.0,0.0,0.0,0.0,0.0,0.0,0.0,0.0,0.0,13.0
492,495.0,TS Mills,5.0,11.0,111.0,1.0,8.0,0.0,3.0,8.0,8.0,0.0,0.0,0.0,0.0,0.0,0.0,0.0,0.0,0.0,2.0
493,496.0,Vishnu Vinod,3.0,26.0,0.0,0.0,19.0,19.0,26.0,0.0,0.0,0.0,0.0,0.0,0.0,0.0,0.0,0.0,0.0,0.0,2.0
494,497.0,Washington Sundar,10.0,12.0,182.0,1.0,9.0,3.0,5.0,6.0,7.0,0.0,0.0,0.0,0.0,0.0,0.0,0.0,0.0,0.0,12.0
